1,2,3,3,0,0.54228,12,1
1,1,3,5,1,0.40351,12,1
2,1,3,7,1,0.53091,12,1
1,1,3,5,1,0.40001,12,1
1,1,3,6,1,0.33729,12,1
2,2,3,3,0,0.42426,12,1
2,1,3,2,0,0.7639,12,1
2,2,3,3,0,0.44097,12,1
1,1,3,1,0,0.43237,12,1
2,1,3,3,0,0.35739,12,1
2,2,3,7,1,0.28205,12,1
1,1,3,1,0,0.31438,12,1
1,1,3,3,0,0.22822,12,1
1,2,3,4,1,0.50991,12,1
1,2,3,5,1,0.35027,12,1
1,2,3,2,0,0.33271,12,1
2,1,3,3,0,0.40077,12,1
2,2,3,5,1,0.28909,12,1
1,2,3,2,0,0.41371,12,1
1,1,3,3,0,0.47149,12,1
2,2,3,4,0,0.79412,12,1
1,2,3,6,0,1.1818,12,1
2,1,3,6,1,0.34485,12,1
1,1,3,5,1,0.37118,12,1
1,2,3,4,1,0.32817,12,1
1,1,3,7,1,0.28336,12,1
2,1,3,1,0,0.25869,12,1
1,2,3,7,1,0.57947,12,1
2,1,3,4,0,0.63449,12,1
1,2,3,6,1,0.3482,12,1
2,2,3,1,0,0.56176,12,1
1,2,3,3,1,0.44567,12,1
1,1,3,7,0,0.61412,12,1
1,2,3,6,1,0.32874,12,1
2,2,3,7,1,0.42448,12,1
1,2,3,5,1,0.28902,12,1
2,1,3,6,1,0.54431,12,1
1,2,3,7,1,0.49417,12,1
1,1,3,4,0,0.50009,12,1
1,1,3,3,0,0.72582,12,1
2,2,3,4,0,0.87998,12,1
2,2,3,4,0,1.3194,12,1
2,1,3,5,1,0.28765,12,1
1,2,3,6,1,0.3533,12,1
2,2,3,2,0,0.43278,12,1
2,1,3,4,0,0.39369,12,1
1,1,3,2,0,0.45188,12,1
1,1,3,6,1,0.3327,12,1
2,2,3,3,0,0.37783,12,1
2,1,3,7,1,0.48539,12,1
1,1,3,4,0,0.55639,12,1
1,1,3,5,1,0.33922,12,1
2,2,3,6,0,0.36778,12,1
2,2,3,2,0,0.34371,12,1
1,1,3,4,0,0.53091,12,1
1,1,3,6,1,0.8079,12,1
1,2,3,1,0,0.38567,12,1
1,2,3,4,0,0.46699,12,1
1,2,3,7,0,0.33079,12,1
2,1,3,7,1,0.23749,12,1
1,1,3,5,0,0.26009,12,1
2,1,3,5,0,0.27128,12,1
2,2,3,2,0,0.48432,12,1
1,1,3,3,0,0.28088,12,1
1,2,3,1,0,0.41017,12,1
2,2,3,4,1,0.24893,12,1
2,2,3,6,0,0.2332,12,1
2,1,3,3,0,0.42138,12,1
2,1,3,6,0,0.26813,12,1
1,1,3,1,0,0.28836,12,1
1,1,3,1,0,0.32067,12,1
2,2,3,5,1,0.56282,12,1
2,2,3,1,0,0.37651,12,1
1,2,3,4,0,0.31653,12,1
1,2,3,2,0,0.88064,12,1
2,1,3,6,1,0.32749,12,1
2,1,3,6,1,0.81025,12,1
1,1,3,3,0,0.29202,12,1
1,2,3,5,0,0.26455,12,1
1,1,3,2,0,0.29749,12,1
2,2,3,4,0,0.77588,12,1
1,1,3,4,0,0.37867,12,1
1,2,3,2,0,0.81756,12,1
2,2,3,2,1,0.69454,12,1
2,2,3,6,1,0.47932,12,1
2,1,3,7,1,0.2609,12,1
2,1,3,1,0,0.38835,12,1
1,2,3,7,1,0.65599,12,1
2,1,3,2,0,0.29303,12,1
2,2,3,3,0,0.95506,12,1
2,1,3,1,0,0.32241,12,1
1,1,3,1,0,0.28853,12,1
2,2,3,2,0,0.26941,12,1
2,2,3,1,0,0.23683,12,1
2,2,3,6,1,1.1434,12,1
1,1,3,7,1,0.2694,12,1
2,1,3,1,0,0.45304,12,1
2,2,3,1,0,0.30043,12,1
2,2,3,2,0,0.20481,12,1
2,1,3,5,1,0.62489,12,1
1,1,3,6,1,0.3895,12,1
1,1,3,3,0,0.86758,12,1
2,2,3,1,0,0.31063,12,1
2,2,3,6,1,0.22061,12,1
1,1,3,4,0,0.11474,12,1
2,2,3,2,0,0.27977,12,1
1,1,3,5,1,0.28524,12,1
2,2,3,1,0,0.31572,12,1
1,2,3,2,0,0.30667,12,1
1,1,3,2,0,0.30972,12,1
1,1,3,2,0,0.20799,12,1
2,1,3,3,0,0.67049,12,1
1,1,3,3,0,0.3283,12,1
2,1,3,3,0,0.3268,12,1
2,1,3,1,0,0.23542,12,1
1,1,3,2,0,0.093129,12,1
2,1,3,7,1,0.25818,12,1
1,1,3,2,0,0.37719,12,1
2,1,3,6,1,0.20345,12,1
1,1,3,7,1,0.20477,12,1
1,2,3,2,0,0.40038,12,1
2,2,3,4,1,0.78233,12,1
2,1,3,2,0,0.27307,12,1
1,2,3,5,1,0.21414,12,1
2,1,3,7,1,0.19803,12,1
1,2,3,3,0,0.37394,12,1
2,2,3,6,1,0.27067,12,1
1,1,3,6,1,0.49616,12,1
2,2,3,5,1,0.29359,12,1
2,2,3,7,1,0.32317,12,1
1,1,3,5,1,0.30001,12,1
1,2,3,1,0,0.24301,12,1
1,1,3,1,0,0.01847,12,1
2,1,3,3,0,1.1426,12,1
1,2,3,7,1,0.23978,12,1
2,1,3,1,0,0.31774,12,1
1,2,3,7,1,0.19756,12,1
2,2,3,3,0,0.50613,12,1
2,2,3,4,0,0.56481,12,1
1,2,3,1,0,0.30636,12,1
2,2,3,7,1,0.28674,12,1
2,1,3,2,0,0.25797,12,1
2,1,3,5,1,0.25173,12,1
2,2,3,6,1,0.23329,12,1
2,1,3,5,1,0.26193,12,1
2,1,3,4,0,0.41714,12,1
1,2,3,7,1,0.22813,12,1
2,2,3,5,1,0.2968,12,1
1,1,3,6,1,0.40332,12,1
1,2,3,5,1,0.31375,12,1
1,2,3,6,1,0.29919,12,1
1,1,3,7,1,0.19453,12,1
2,2,3,4,1,0.28152,12,1
2,1,3,4,0,0.38069,12,1
2,1,3,3,0,0.40272,12,1
2,1,3,4,1,0.58133,12,1
1,2,3,4,0,0.75669,12,1
1,1,3,3,0,0.31517,12,1
1,2,3,2,0,0.50853,12,1
2,1,3,2,0,0.28802,12,1
2,2,3,7,1,0.26302,12,1
1,1,3,4,0,0.17495,12,1
1,2,3,2,0,0.44317,12,1
1,1,3,5,0,0.39258,12,1
1,1,3,7,1,0.29552,12,1
1,1,3,6,0,0.16943,12,1
2,2,3,5,0,0.67644,12,1
2,1,3,5,1,0.16708,12,1
2,1,3,5,1,0.67902,12,1
1,2,3,4,1,0.33487,12,1
2,2,3,5,1,0.28342,12,1
1,1,3,7,1,0.10641,12,1
2,1,3,1,0,0.3002,12,1
2,1,3,2,0,0.23234,12,1
1,2,3,3,0,0.35227,12,1
2,2,3,7,1,0.27116,12,1
1,1,3,3,0,0.33128,12,1
1,1,3,4,0,0.2517,12,1
2,1,3,1,0,0.31517,12,1
1,2,3,4,0,0.33565,12,1
1,2,3,3,0,0.34031,12,1
1,2,3,6,1,0.33007,12,1
2,2,3,3,0,0.51254,12,1
2,1,3,5,1,0.239,12,1
2,1,3,7,1,0.16825,12,1
2,1,3,1,0,0.27909,12,1
1,2,3,6,1,0.247,12,1
2,1,3,6,1,0.20315,12,1
1,1,3,6,1,0.38184,12,1
2,2,3,3,0,1.0142,12,1
1,1,3,7,1,0.10537,12,1
2,2,3,1,0,0.28688,12,1
2,2,3,7,1,0.20541,12,1
2,1,3,4,1,0.53526,12,1
1,2,3,3,0,0.34552,12,1
1,1,3,1,0,0.34996,12,1
1,2,3,5,1,0.51164,12,1
2,2,3,7,1,0.23624,12,1
1,1,3,4,0,0.32656,12,1
1,2,3,1,0,0.28011,12,1
2,1,3,6,1,0.21743,12,1
2,2,3,2,0,0.30812,12,1
1,1,3,7,1,0.24068,12,1
2,2,3,6,0,0.27736,12,1
2,2,3,4,1,0.40419,12,1
2,2,3,1,0,0.27941,12,1
2,2,3,3,0,0.41007,12,1
2,1,3,4,0,0.19297,12,1
1,2,3,6,1,0.25478,12,1
1,1,3,5,0,0.20769,12,1
1,2,3,5,1,0.22535,12,1
2,2,3,7,1,0.21252,12,1
1,2,3,6,1,0.26273,12,1
1,2,3,3,0,0.44866,12,1
2,1,3,2,0,0.24894,12,1
2,1,3,5,1,0.66062,12,1
1,2,3,3,1,0.32018,12,1
1,2,3,1,0,0.24705,12,1
2,1,3,6,1,0.12794,12,1
1,1,3,3,0,0.28116,12,1
2,1,3,1,0,0.27542,12,1
1,1,3,3,0,0.084753,12,1
2,1,3,1,0,0.16556,12,1
1,1,3,7,1,0.047826,12,1
1,2,3,4,0,0.47871,12,1
2,1,3,6,1,0.14164,12,1
1,2,3,2,1,1.1025,12,1
1,2,3,2,0,0.15738,12,1
2,2,3,6,1,0.057563,12,1
2,2,3,6,1,0.13787,12,1
2,2,3,3,1,0.46902,12,1
1,2,3,3,0,0.51178,12,1
1,1,3,4,0,0.68093,12,1
1,1,3,3,0,0.22552,12,1
1,1,3,2,0,0.24799,12,1
2,2,3,1,0,0.28172,12,1
2,1,3,6,1,0.32722,12,1
1,1,3,6,1,0.17515,12,1
1,2,3,5,0,0.43288,12,1
1,2,3,6,1,0.18708,12,1
1,1,3,1,0,0.23508,12,1
1,2,3,5,0,0.29422,12,1
2,1,3,2,0,0.22542,12,1
2,2,3,6,0,0.36066,12,1
1,2,3,6,0,0.31212,12,1
2,2,3,2,0,0.36135,12,1
1,2,3,4,0,1.1514,12,1
1,2,3,6,0,0.54269,12,1
1,2,3,5,1,0.15432,12,1
2,1,3,7,1,0.16059,12,1
2,2,3,7,1,0.28799,12,1
1,2,3,5,0,0.87141,12,1
2,1,3,4,0,0.22701,12,1
1,2,3,7,1,0.36564,12,1
1,2,3,7,1,0.016884,12,1
1,2,3,2,0,0.20922,12,1
2,2,3,3,1,0.16491,12,1
1,1,3,5,0,0.46367,12,1
2,1,3,3,0,0.19761,12,1
1,1,3,2,0,0.025771,12,1
1,2,3,1,0,0.010154,12,1
1,2,3,2,0,0.042044,12,1
2,2,3,5,1,0.0066089,12,1
2,2,3,5,1,0.1599,12,1
2,1,3,2,0,0.021977,12,1
1,1,3,7,1,7.8125e-05,12,1
1,1,3,4,0,0.12992,12,1
2,1,3,4,0,0.33309,12,1
2,2,3,5,1,0.21529,12,1
2,2,3,5,1,0.26972,12,1
1,1,3,2,0,7.7101e-05,12,1
1,1,3,6,1,0.20412,12,1
2,2,3,7,1,0.084515,12,1
2,2,3,1,0,0.23437,12,1
2,1,3,6,1,0.22711,12,1
2,1,3,3,0,0.31641,12,1
2,1,3,4,0,0.22183,12,1
1,1,3,7,1,0.095561,12,1
2,2,3,5,1,0.21397,12,1
1,2,3,4,0,0.20496,12,1
2,1,3,7,0,0.21049,12,1
2,1,3,5,0,0.17981,12,1
2,1,3,5,0,0.10019,12,1
1,2,3,1,0,7.9662e-05,12,1
1,1,3,4,0,0.70931,12,1
1,1,3,2,0,0.19814,12,1
2,1,3,4,0,0.55057,12,1
1,1,3,2,0,0.16076,12,1
2,2,3,7,1,0.11405,12,1
2,1,3,5,0,0.25136,12,1
2,2,3,4,1,0.12416,12,1
2,2,3,5,1,0.046422,12,1
1,1,3,5,1,0.49103,12,1
2,1,3,7,1,7.915e-05,12,1
1,2,3,4,0,0.16336,12,1
2,1,3,3,0,0.18863,12,1
1,1,3,4,0,0.14476,12,1
1,1,3,6,1,0.08339,12,1
2,1,3,2,0,0.26257,12,1
1,2,3,1,0,0.041374,12,1
1,2,3,4,0,0.57815,12,1
2,2,3,3,0,0.31349,12,1
1,1,3,1,0,0.15018,12,1
1,2,3,7,1,0.69629,12,1
2,2,3,4,0,0.91491,12,1
1,2,3,1,0,0.28508,12,1
2,1,3,7,1,0.37621,12,1
1,2,3,1,0,0.26782,12,1
2,1,3,3,0,0.49322,12,1
1,1,3,1,0,0.22906,12,1
1,2,3,1,0,0.1903,12,1
2,2,3,2,0,0.12578,12,1
1,2,3,7,1,0.11572,12,1
2,2,3,2,0,0.20457,12,1
1,2,3,3,0,0.25483,12,1
2,2,3,1,0,0.10547,12,1
2,2,3,1,0,0.46586,12,1
2,1,3,2,0,0.21916,12,1
2,1,3,1,0,0.060526,12,1
1,2,3,5,0,0.35107,12,1
2,2,3,3,0,0.17499,12,1
2,1,3,3,0,0.1052,12,1
2,1,3,2,0,0.23356,12,1
1,1,3,1,0,0.16947,12,1
1,1,3,2,0,0.13789,12,1
1,1,3,6,1,0.59796,12,1
1,2,3,3,0,0.31037,12,1
1,1,3,5,1,0.52054,12,1
2,2,3,6,1,0.09128,12,1
2,2,3,2,0,0.55897,12,1
1,2,3,7,1,0.23126,12,1
1,1,3,1,0,0.27628,12,1
2,1,3,4,0,0.31627,12,1
2,1,3,7,1,0.12838,12,1
1,2,3,3,0,0.23835,12,1
2,2,3,4,0,0.31869,12,1
2,1,3,5,1,0.63142,15,2
1,1,3,2,0,0.27718,15,2
1,1,3,7,1,0.2252,15,2
1,1,3,3,0,0.54519,15,2
2,1,3,1,0,0.39912,15,2
2,2,3,4,1,0.82736,15,2
2,1,3,4,0,0.30334,15,2
2,2,3,2,0,0.25938,15,2
2,2,3,7,1,0.24938,15,2
2,2,3,1,0,0.16157,15,2
1,2,3,2,0,0.17348,15,2
2,1,3,7,1,0.20751,15,2
1,2,3,5,0,0.7277,15,2
2,1,3,6,1,0.6816,15,2
2,2,3,2,0,0.13163,15,2
2,2,3,7,1,0.2378,15,2
2,2,3,1,0,0.12986,15,2
1,1,3,7,1,0.097819,15,2
1,1,3,3,0,0.11391,15,2
1,2,3,5,1,0.39577,15,2
2,2,3,1,0,0.1521,15,2
1,1,3,4,1,1.5161,15,2
2,1,3,5,1,1.8881,15,2
2,1,3,7,1,0.27817,15,2
2,2,3,1,0,0.19241,15,2
2,2,3,4,1,0.58236,15,2
1,2,3,5,1,1.0704,15,2
2,1,3,1,0,0.63655,15,2
2,2,3,2,0,0.86264,15,2
2,2,3,7,1,0.83253,15,2
1,1,3,6,1,0.80867,15,2
1,2,3,7,1,0.54068,15,2
1,2,3,4,0,2.3309,15,2
2,2,3,3,0,0.86884,15,2
1,1,3,4,0,0.86285,15,2
2,2,3,3,0,0.67704,15,2
1,2,3,6,1,1.015,15,2
1,2,3,4,0,0.88128,15,2
2,1,3,2,0,0.79127,15,2
2,2,3,7,1,0.46129,15,2
1,1,3,6,0,0.52936,15,2
1,1,3,4,0,0.56331,15,2
2,2,3,7,1,0.4054,15,2
1,1,3,4,0,1.0035,15,2
1,1,3,2,0,0.64365,15,2
1,1,3,6,1,0.42565,15,2
2,1,3,3,0,0.45573,15,2
2,2,3,5,1,0.54833,15,2
1,1,3,5,1,0.5584,15,2
2,1,3,3,0,0.70042,15,2
2,1,3,3,0,0.88452,15,2
1,2,3,4,1,1.7985,15,2
1,2,3,6,1,0.81062,15,2
1,2,3,6,1,0.89065,15,2
2,1,3,6,1,1.2627,15,2
1,2,3,3,0,0.49087,15,2
1,1,3,3,0,0.51084,15,2
2,2,3,7,1,0.40886,15,2
2,2,3,2,0,1.401,15,2
1,1,3,2,0,0.70898,15,2
1,1,3,1,0,1.3391,15,2
1,2,3,1,0,1.5212,15,2
2,2,3,3,0,1.6512,15,2
2,2,3,2,0,0.86926,15,2
2,2,3,1,0,0.65129,15,2
2,1,3,1,0,0.63934,15,2
1,2,3,4,0,1.4154,15,2
1,1,3,1,0,0.56739,15,2
2,2,3,2,0,0.81753,15,2
1,1,3,5,1,0.51348,15,2
2,2,3,5,1,1.7796,15,2
2,1,3,3,0,0.70371,15,2
1,1,3,6,1,1.2056,15,2
1,1,3,7,1,0.77781,15,2
1,1,3,2,0,0.79993,15,2
1,2,3,4,0,0.89397,15,2
2,2,3,6,1,1.45,15,2
2,1,3,5,1,1.796,15,2
2,1,3,5,1,0.75812,15,2
1,1,3,6,1,1.2461,15,2
2,1,3,2,0,0.58225,15,2
1,2,3,2,0,0.5724,15,2
2,2,3,5,1,1.1965,15,2
1,2,3,6,1,0.56045,15,2
2,2,3,3,0,0.50857,15,2
1,1,3,4,0,0.74064,15,2
2,1,3,6,0,1.2547,15,2
1,2,3,4,0,0.77487,15,2
1,2,3,3,0,0.98289,15,2
1,1,3,5,1,1.0889,15,2
1,2,3,7,1,1.6071,15,2
1,2,3,5,1,0.54306,15,2
1,2,3,1,0,0.48917,15,2
2,2,3,4,1,0.7832,15,2
2,1,3,6,1,2.2712,15,2
1,2,3,1,0,0.57377,15,2
1,2,3,7,1,0.26773,15,2
1,2,3,6,1,0.52182,15,2
2,1,3,4,0,1.7198,15,2
1,2,3,5,1,0.62199,15,2
2,2,3,5,1,0.76198,15,2
2,1,3,7,1,0.39414,15,2
1,2,3,2,0,0.84418,15,2
1,2,3,5,1,0.47621,15,2
2,2,3,7,1,0.38229,15,2
2,1,3,3,0,0.45433,15,2
1,2,3,3,1,1.1884,15,2
1,1,3,5,1,0.51639,15,2
1,2,3,5,1,0.61241,15,2
2,2,3,6,1,1.3986,15,2
1,2,3,3,0,1.8207,15,2
1,1,3,1,0,0.35467,15,2
1,1,3,4,0,0.35482,15,2
2,1,3,4,0,0.56282,15,2
2,2,3,7,1,0.6789,15,2
2,2,3,2,0,0.43894,15,2
1,1,3,7,1,0.47102,15,2
1,1,3,2,0,0.59508,15,2
1,1,3,2,0,0.29507,15,2
1,1,3,6,0,1.5271,15,2
2,2,3,4,1,0.30515,15,2
1,1,3,2,0,0.55513,15,2
2,1,3,3,0,0.55116,15,2
2,1,3,3,0,0.63335,15,2
2,1,3,6,1,0.5914,15,2
1,1,3,4,0,0.66538,15,2
1,1,3,1,0,0.34346,15,2
2,1,3,4,0,0.99954,15,2
1,2,3,1,0,0.38953,15,2
1,2,3,2,0,0.66559,15,2
1,1,3,3,0,0.32363,15,2
1,2,3,6,1,0.38162,15,2
2,1,3,2,0,0.45174,15,2
2,1,3,3,0,0.32978,15,2
1,2,3,2,0,0.69388,15,2
2,1,3,6,0,0.55604,15,2
2,1,3,3,0,0.75605,15,2
1,2,3,3,0,2.152,15,2
2,1,3,7,1,0.34214,15,2
1,2,3,7,1,0.63025,15,2
1,2,3,2,0,0.46628,15,2
1,2,3,5,0,0.53248,15,2
2,1,3,2,0,0.30683,15,2
1,2,3,1,0,0.48491,15,2
1,2,3,3,0,0.5949,15,2
2,2,3,5,1,0.36695,15,2
2,1,3,5,0,0.48507,15,2
2,2,3,3,0,0.40923,15,2
2,1,3,2,0,0.59103,15,2
2,1,3,1,0,0.38717,15,2
2,2,3,4,1,0.57115,15,2
1,2,3,7,1,0.73516,15,2
1,1,3,1,0,0.41531,15,2
1,2,3,6,1,0.36928,15,2
1,2,3,2,0,0.47344,15,2
1,2,3,6,1,0.69142,15,2
1,1,3,4,1,1.5675,15,2
1,1,3,7,1,0.33556,15,2
2,2,3,1,0,0.48158,15,2
2,1,3,6,0,2.0398,15,2
1,2,3,1,0,0.41176,15,2
1,2,3,6,1,0.27378,15,2
2,1,3,2,0,0.61392,15,2
1,1,3,7,1,1.096,15,2
2,2,3,2,0,0.70801,15,2
1,1,3,7,1,0.46016,15,2
1,1,3,2,0,1.8882,15,2
1,2,3,6,1,0.40416,15,2
1,2,3,4,1,1.0824,15,2
2,2,3,3,0,1.6065,15,2
2,1,3,5,1,0.53452,15,2
2,2,3,1,0,0.43061,15,2
1,1,3,3,0,1.1987,15,2
2,1,3,2,0,0.90496,15,2
2,1,3,3,0,0.74063,15,2
1,1,3,1,0,0.43469,15,2
1,2,3,6,1,0.69886,15,2
2,2,3,1,0,1.0691,15,2
2,2,3,5,1,0.82301,15,2
1,2,3,1,0,0.31102,15,2
1,2,3,6,1,0.61325,15,2
2,1,3,6,1,0.95506,15,2
1,1,3,3,0,1.3952,15,2
2,1,3,1,0,0.76328,15,2
1,2,3,4,1,0.40529,15,2
1,2,3,4,1,0.75335,15,2
1,2,3,7,1,0.39337,15,2
2,1,3,5,1,1.0973,15,2
1,1,3,6,1,0.74378,15,2
1,2,3,5,1,0.39983,15,2
2,2,3,6,1,0.34392,15,2
2,2,3,6,1,0.56398,15,2
2,1,3,5,1,0.90598,15,2
2,2,3,7,1,0.37003,15,2
2,2,3,7,1,0.34612,15,2
2,2,3,6,1,0.61017,15,2
1,2,3,3,1,0.75021,15,2
1,1,3,5,1,0.33031,15,2
1,2,3,2,0,1.0324,15,2
2,2,3,5,1,0.40837,15,2
2,1,3,7,1,0.22249,15,2
1,2,3,5,1,0.28258,15,2
1,2,3,1,0,0.44263,15,2
2,2,3,4,1,0.29062,15,2
1,1,3,1,0,0.37271,15,2
1,1,3,7,1,0.24276,15,2
2,1,3,2,0,1.8868,15,2
1,1,3,6,1,0.38885,15,2
2,1,3,4,0,1.3168,15,2
1,1,3,1,0,0.50093,15,2
2,2,3,6,1,0.32301,15,2
1,2,3,3,0,0.77907,15,2
1,2,3,2,0,0.39315,15,2
2,1,3,2,0,0.42117,15,2
1,1,3,4,0,0.42923,15,2
2,1,3,5,1,0.95331,15,2
2,1,3,2,0,1.3713,15,2
2,2,3,7,1,0.36938,15,2
2,2,3,4,1,0.3254,15,2
2,2,3,2,0,0.64952,15,2
1,1,3,5,1,0.8875,15,2
2,1,3,4,0,0.31965,15,2
2,1,3,4,0,0.73767,15,2
2,2,3,4,1,0.37171,15,2
1,2,3,2,1,0.67773,15,2
2,1,3,4,1,0.42975,15,2
1,2,3,1,0,0.43982,15,2
1,1,3,6,1,0.25183,15,2
2,1,3,4,1,1.7459,15,2
1,1,3,3,0,0.798,15,2
1,1,3,5,0,1.32,15,2
2,2,3,3,0,0.49007,15,2
1,2,3,3,0,0.4941,15,2
2,1,3,3,0,0.51617,15,2
2,1,3,1,0,0.23612,15,2
1,1,3,3,0,2.0324,15,2
1,2,3,3,0,0.87428,15,2
1,1,3,5,0,0.53641,15,2
1,2,3,4,1,0.62036,15,2
2,2,3,4,1,0.28044,15,2
2,2,3,4,1,0.33521,15,2
2,1,3,6,1,0.50122,15,2
2,1,3,4,1,0.31933,15,2
1,2,3,1,0,0.32133,15,2
1,2,3,4,1,0.15338,15,2
1,1,3,5,1,0.42947,15,2
2,2,3,7,1,0.25943,15,2
2,1,3,6,1,0.53558,15,2
2,2,3,6,1,0.41154,15,2
2,1,3,5,1,0.53364,15,2
1,1,3,5,1,0.3197,15,2
1,1,3,3,1,1.4857,15,2
2,1,3,5,1,0.87379,15,2
2,2,3,1,0,0.36789,15,2
2,2,3,1,0,0.32185,15,2
1,2,3,1,0,0.38992,15,2
1,2,3,5,1,0.25195,15,2
1,1,3,4,0,0.67803,15,2
1,1,3,6,1,0.26803,15,2
2,1,3,1,0,0.44616,15,2
1,2,3,7,1,0.33415,15,2
2,1,3,7,1,0.43829,15,2
1,1,3,6,1,0.69432,15,2
2,2,3,5,1,2.4943,15,2
2,1,3,5,0,0.73442,15,2
2,1,3,1,0,0.37647,15,2
2,1,3,6,1,0.44254,15,2
2,2,3,4,0,0.84656,15,2
1,1,3,7,1,0.46462,15,2
2,1,3,7,1,2.6006,15,2
1,1,3,3,0,0.78471,15,2
1,2,3,3,0,0.67283,15,2
1,1,3,4,0,0.92096,15,2
1,2,3,2,0,0.7129,15,2
1,1,3,7,1,0.25506,15,2
2,1,3,7,1,0.63107,15,2
2,2,3,3,0,0.55318,15,2
2,1,3,1,0,0.29925,15,2
1,1,3,5,1,0.28121,15,2
1,1,3,2,0,0.33529,15,2
2,2,3,5,1,0.38935,15,2
2,2,3,2,0,0.19544,15,2
1,2,3,7,1,1.7734,15,2
2,1,3,6,1,0.93753,15,2
1,1,3,1,0,0.38167,15,2
1,2,3,4,0,1.1997,15,2
1,2,3,7,1,0.15567,15,2
2,1,3,7,1,0.29773,15,2
1,1,3,7,1,1.6557,15,2
2,2,3,2,0,1.0183,15,2
2,2,3,3,0,0.35836,15,2
1,2,3,7,1,0.28638,15,2
2,2,3,6,0,0.45445,15,2
2,1,3,1,0,0.29044,15,2
1,1,3,3,0,0.65854,15,2
1,1,3,1,0,0.30668,15,2
2,1,3,7,1,0.29465,15,2
2,1,3,7,1,0.45061,15,2
1,1,3,2,0,0.42893,15,2
2,1,3,7,1,0.27494,15,2
1,2,3,3,0,0.4029,15,2
2,2,3,1,0,0.27502,15,2
1,2,3,2,0,0.86507,15,2
2,2,3,5,1,0.339,15,2
1,1,3,7,1,0.26313,15,2
2,1,3,3,0,0.32725,15,2
2,2,3,5,1,0.41927,15,2
2,1,3,1,0,0.20727,15,2
2,2,3,2,0,0.1454,15,2
1,2,3,7,1,0.22339,15,2
1,1,3,1,0,0.097426,15,2
1,1,3,1,0,0.54345,15,2
1,1,3,4,0,0.58157,15,2
1,1,3,6,1,0.28953,15,2
2,2,3,6,1,1.1696,15,2
2,2,3,3,0,0.68158,15,2
2,1,3,1,0,0.38573,15,2
2,1,3,4,0,0.91173,15,2
2,2,3,1,0,1.7279,15,2
2,2,3,6,0,0.73793,15,2
2,2,3,6,1,0.27393,15,2
2,2,3,6,1,0.34199,15,2
1,2,3,5,1,0.71213,15,2
2,2,3,3,0,0.16813,15,2
1,1,3,2,0,0.46217,15,2
1,1,3,5,1,0.31819,15,2
2,1,3,4,0,0.51423,15,2
2,2,3,5,1,0.62429,15,2
2,1,3,2,0,0.39243,15,2
1,2,3,7,1,0.55854,15,2
2,2,3,4,0,0.61447,15,2
1,1,3,2,0,0.26663,15,2
1,1,3,3,0,0.16465,15,2
2,2,3,3,0,0.26666,15,2
2,1,3,2,0,1.4029,15,2
1,2,3,1,0,0.7868,15,2
2,1,3,4,1,0.26457,14,3
1,1,3,7,1,0.1863,14,3
1,1,3,1,0,0.17045,14,3
1,1,3,2,0,0.14047,14,3
1,2,3,6,1,0.15651,14,3
2,2,3,6,1,0.12456,14,3
1,2,3,7,1,0.17657,14,3
2,2,3,1,0,0.27864,14,3
1,2,3,2,0,0.17074,14,3
2,2,3,5,1,0.18075,14,3
2,2,3,3,1,0.23683,14,3
2,2,3,1,0,0.16082,14,3
1,1,3,4,0,0.34692,14,3
2,1,3,2,0,0.16092,14,3
1,2,3,4,1,0.18497,14,3
2,2,3,6,1,0.13302,14,3
1,2,3,4,1,0.12511,14,3
2,1,3,7,1,0.18508,14,3
1,1,3,5,0,0.16315,14,3
1,2,3,5,1,0.20117,14,3
1,2,3,3,0,0.11924,14,3
1,2,3,5,1,0.19325,14,3
1,1,3,3,0,0.13533,14,3
2,1,3,1,0,0.12331,14,3
1,2,3,5,1,0.20149,14,3
1,2,3,3,0,0.25947,14,3
2,1,3,7,1,0.24747,14,3
1,2,3,1,0,0.10559,14,3
1,2,3,3,0,0.14968,14,3
1,2,3,5,0,0.14372,14,3
1,1,3,7,0,0.11574,14,3
2,1,3,6,1,0.11975,14,3
1,2,3,5,0,0.25377,14,3
1,2,3,3,0,0.11987,14,3
1,1,3,1,0,0.14393,14,3
2,2,3,1,0,0.079982,14,3
1,1,3,5,0,0.146,14,3
1,1,3,3,0,0.072052,14,3
2,2,3,2,0,0.0721,14,3
2,2,3,7,1,0.13609,14,3
1,1,3,2,0,0.070194,14,3
2,2,3,3,0,0.1842,14,3
2,2,3,3,0,0.27625,14,3
2,2,3,5,1,0.21223,14,3
2,2,3,6,1,0.076293,14,3
2,1,3,5,0,0.33633,14,3
1,2,3,1,0,0.098414,14,3
1,2,3,7,1,0.090462,14,3
2,2,3,1,0,0.13947,14,3
2,1,3,2,0,0.2935,14,3
1,2,3,1,0,0.10355,14,3
1,2,3,5,1,0.14161,14,3
1,1,3,1,0,0.13967,14,3
2,2,3,7,1,0.16566,14,3
1,1,3,1,0,0.16576,14,3
2,1,3,1,0,0.20381,14,3
2,1,3,6,1,0.25181,14,3
1,2,3,2,0,0.20992,14,3
1,1,3,1,0,0.13396,14,3
2,2,3,4,1,0.12198,14,3
1,2,3,1,0,0.12605,14,3
1,1,3,1,0,0.32027,14,3
1,1,3,7,1,0.072096,14,3
2,2,3,6,1,0.21212,14,3
1,2,3,6,1,0.17623,14,3
1,2,3,2,0,0.096258,14,3
2,1,3,2,0,0.13436,14,3
1,2,3,7,1,0.20834,14,3
1,2,3,5,1,0.13234,14,3
2,1,3,4,0,0.092375,14,3
2,1,3,4,0,0.15849,14,3
1,1,3,7,1,0.082439,14,3
1,2,3,6,1,0.21853,14,3
2,1,3,5,0,0.1526,14,3
1,1,3,6,1,0.10258,14,3
2,2,3,4,1,0.11462,14,3
1,2,3,6,1,0.16061,14,3
2,2,3,5,0,0.1407,14,3
1,2,3,4,1,0.17676,14,3
2,1,3,3,0,0.15676,14,3
2,1,3,2,0,0.17087,14,3
1,1,3,5,1,0.032964,14,3
2,2,3,6,1,0.13483,14,3
1,2,3,5,1,0.090988,14,3
2,1,3,3,0,0.19513,14,3
2,2,3,7,1,0.17113,14,3
1,2,3,7,1,0.14916,14,3
1,2,3,1,0,0.13128,14,3
1,2,3,6,1,0.15718,14,3
1,1,3,5,0,0.27329,14,3
2,1,3,6,0,0.21939,14,3
2,2,3,1,0,0.14548,14,3
1,2,3,5,1,0.14144,14,3
1,1,3,7,1,0.10557,14,3
1,2,3,3,0,0.10554,14,3
2,2,3,6,1,0.17365,14,3
1,1,3,3,0,0.16968,14,3
2,1,3,6,1,0.2077,14,3
2,1,3,2,0,0.083771,14,3
2,2,3,7,1,0.16391,14,3
2,1,3,3,0,0.13596,14,3
2,2,3,3,0,0.11398,14,3
2,1,3,1,0,0.15596,14,3
2,1,3,5,1,0.041984,14,3
2,1,3,2,0,0.066015,14,3
1,1,3,6,0,0.26207,14,3
2,1,3,7,1,0.060182,14,3
2,1,3,1,0,0.11425,14,3
1,1,3,5,0,0.29624,14,3
2,2,3,1,0,0.12435,14,3
1,2,3,4,1,0.080413,14,3
1,2,3,2,0,0.098479,14,3
1,2,3,7,1,0.17447,14,3
1,2,3,7,1,0.13854,14,3
1,1,3,2,0,0.11261,14,3
1,1,3,1,0,0.078584,14,3
1,1,3,6,1,0.024779,14,3
2,1,3,2,0,0.078662,14,3
2,1,3,1,0,0.13269,14,3
2,2,3,4,1,0.14273,14,3
1,1,3,2,0,0.12079,14,3
1,1,3,2,0,0.19078,14,3
2,2,3,4,1,0.1268,14,3
2,2,3,1,0,0.1669,14,3
2,2,3,3,1,0.20504,14,3
1,2,3,6,1,0.23292,14,3
2,2,3,6,1,0.20908,14,3
2,1,3,3,0,0.24303,14,3
2,1,3,6,1,0.23508,14,3
2,1,3,1,0,0.15114,14,3
2,2,3,1,0,0.12115,14,3
1,2,3,3,1,0.12322,14,3
1,2,3,6,0,0.31323,14,3
2,1,3,6,1,0.1872,14,3
2,2,3,4,0,0.30534,14,3
1,1,3,2,0,0.13946,14,3
1,1,3,6,1,0.15337,14,3
2,2,3,4,1,0.091581,14,3
2,2,3,3,1,0.11158,14,3
1,1,3,2,0,0.12767,14,3
2,1,3,7,1,0.19158,14,3
1,2,3,3,0,0.093762,14,3
2,1,3,5,1,0.15184,14,3
1,1,3,2,0,0.055904,14,3
2,1,3,3,0,0.27782,14,3
1,1,3,6,1,0.22794,14,3
1,2,3,2,0,0.090007,14,3
1,2,3,2,0,0.15202,14,3
2,2,3,5,1,0.11805,14,3
2,2,3,7,1,0.1821,14,3
2,2,3,3,1,0.18212,14,3
1,1,3,1,0,0.11624,14,3
2,1,3,2,0,0.17231,14,3
2,2,3,5,0,0.11831,14,3
2,1,3,6,1,0.14037,14,3
1,1,3,7,1,0.088342,14,3
1,2,3,1,0,0.14241,14,3
1,1,3,3,0,0.098503,14,3
1,1,3,3,0,0.15654,14,3
2,2,3,3,0,0.3425,14,3
2,2,3,5,1,0.19454,14,3
2,1,3,3,0,0.088645,14,3
2,2,3,5,0,0.12069,14,3
2,1,3,7,1,0.19666,14,3
1,2,3,3,0,0.084776,14,3
2,1,3,5,1,0.14674,14,3
1,1,3,4,1,0.21275,14,3
1,2,3,1,0,0.10289,14,3
2,1,3,1,0,0.10093,14,3
1,1,3,3,1,0.17091,14,3
1,1,3,5,1,0.18294,14,3
2,1,3,1,0,0.097054,14,3
1,1,3,3,0,0.053071,14,3
1,1,3,4,0,0.097076,14,3
2,2,3,2,0,0.10511,14,3
1,1,3,3,0,0.013217,14,3
2,2,3,3,0,0.34522,14,3
2,1,3,5,1,0.15727,14,3
1,2,3,7,1,0.16935,14,3
2,2,3,6,1,0.21139,14,3
2,1,3,6,1,0.14746,14,3
1,1,3,7,1,0.12151,14,3
2,1,3,5,1,0.10951,14,3
1,2,3,7,1,0.14758,14,3
2,2,3,7,1,0.1057,14,3
2,1,3,3,0,0.22568,14,3
2,2,3,7,1,0.16173,14,3
2,2,3,4,0,0.18387,14,3
2,2,3,5,1,0.15971,14,3
2,1,3,2,0,0.11382,14,3
2,1,3,4,1,0.20388,14,3
1,2,3,2,0,0.10399,14,3
1,2,3,1,0,0.072074,14,3
1,1,3,2,0,0.14206,14,3
1,2,3,4,0,0.20418,14,3
2,1,3,4,0,0.13415,14,3
1,1,3,4,0,0.11825,14,3
2,2,3,4,1,0.082254,14,3
1,1,3,7,1,0.10224,14,3
1,2,3,4,0,0.24432,14,3
1,2,3,2,0,0.090351,14,3
1,1,3,3,0,0.074402,14,3
2,1,3,7,1,0.070452,14,3
1,1,3,4,0,0.038669,14,3
1,2,3,2,0,0.13055,14,3
1,1,3,5,0,0.066634,14,3
2,1,3,7,1,0.18261,14,3
2,2,3,3,0,0.11663,14,3
2,1,3,6,1,0.096744,14,3
1,1,3,6,0,0.62682,14,3
1,2,3,2,0,0.092793,14,3
2,1,3,5,0,0.28886,14,3
1,2,3,3,0,0.094872,14,3
2,1,3,6,1,0.080945,14,3
1,1,3,2,0,0.045065,14,3
1,1,3,3,0,0.15103,14,3
2,1,3,4,1,0.025018,14,3
2,2,3,6,1,0.097059,14,3
1,2,3,2,0,0.099194,14,3
2,1,3,4,0,0.16122,14,3
1,2,3,6,1,0.15333,14,3
1,1,3,3,0,0.14929,14,3
1,1,3,5,0,0.20134,14,3
2,1,3,7,1,0.10934,14,3
1,1,3,4,0,0.063486,14,3
1,2,3,1,0,0.12749,14,3
1,1,3,6,1,0.22352,14,3
1,2,3,3,0,0.17157,14,3
2,2,3,4,1,0.26557,14,3
1,1,3,7,1,0.075614,14,3
1,2,3,4,0,0.15377,14,3
1,2,3,5,1,0.09381,14,3
1,1,3,6,0,0.22781,14,3
1,1,3,1,0,0.17195,14,3
1,2,3,2,0,0.076052,14,3
2,2,3,1,0,0.092033,14,3
1,1,3,6,1,0.10604,14,3
1,2,3,7,1,0.17618,14,3
2,2,3,6,1,0.14615,14,3
2,1,3,7,1,0.15822,14,3
1,2,3,4,0,0.066289,14,3
1,1,3,4,0,0.16646,14,3
2,2,3,1,0,0.10044,14,3
2,1,3,2,0,0.1085,14,3
1,1,3,3,0,0.072639,14,3
2,2,3,4,1,0.12256,14,3
2,2,3,5,1,0.20861,14,3
2,2,3,2,0,0.060667,14,3
2,2,3,5,1,0.14868,14,3
1,1,3,7,0,0.062717,14,3
2,1,3,1,0,0.11079,14,3
2,2,3,2,0,0.092874,14,3
1,2,3,6,1,0.10886,14,3
2,1,3,4,0,0.11294,14,3
1,2,3,4,0,0.12898,14,3
2,1,3,5,1,0.10098,14,3
1,2,3,1,0,0.123,14,3
2,2,3,2,0,0.12915,14,3
2,1,3,4,0,0.12106,14,3
2,1,3,2,0,0.06507,14,3
2,2,3,2,0,0.087162,14,3
2,1,3,3,0,0.077185,14,3
2,2,3,7,1,0.043228,14,3
2,1,3,7,1,0.11728,14,3
1,1,3,7,1,0.085268,14,3
2,1,3,3,0,0.10939,14,3
2,2,3,7,1,0.087354,14,3
1,2,3,6,1,0.1694,14,3
2,2,3,4,1,0.18353,14,3
1,1,3,6,0,0.19951,14,3
1,1,3,4,0,0.065533,14,3
2,2,3,2,0,0.13557,14,3
1,2,3,7,1,0.071573,14,3
1,2,3,5,1,0.11966,14,3
2,1,3,7,1,0.059791,14,3
1,2,3,3,0,0.053827,14,3
2,1,3,3,0,0.083896,14,3
2,2,3,7,1,0.11192,14,3
1,2,3,4,0,0.11794,14,3
2,2,3,1,0,0.11402,14,3
2,1,3,1,0,0.10203,14,3
1,2,3,7,1,0.10807,14,3
1,2,3,5,1,0.15415,14,3
2,1,3,2,0,0.08629,14,3
1,1,3,5,0,0.10227,14,3
2,1,3,6,1,0.080321,14,3
1,2,3,1,0,0.062404,14,3
2,1,3,4,0,0.086432,14,3
2,1,3,4,1,0.29843,14,3
2,1,3,3,0,0.14447,14,3
1,1,3,1,0,0.07652,14,3
2,2,3,6,1,0.11854,14,3
2,2,3,7,1,0.094628,14,3
1,1,3,2,0,0.040742,14,3
2,2,3,1,0,0.072734,14,3
2,2,3,6,1,0.81672,14,3
2,2,3,3,0,0.11278,14,3
1,2,3,7,1,0.026826,14,3
2,2,3,5,1,0.092875,14,3
1,1,3,5,0,0.3369,14,3
1,2,3,4,0,0.40495,14,3
2,2,3,2,0,0.12903,14,3
2,1,3,1,0,0.047094,14,3
2,2,3,2,0,0.079155,14,3
1,2,3,6,1,0.16317,14,3
1,2,3,6,0,0.13122,14,3
1,1,3,4,0,0.017333,14,3
1,1,3,4,0,0.097336,14,3
1,1,3,2,0,0.023336,14,3
2,2,3,2,0,0.14332,14,3
1,2,3,3,0,0.083424,14,3
2,1,3,5,1,0.11947,14,3
1,2,3,4,0,0.089469,14,3
2,1,3,5,1,0.15345,14,3
2,1,3,1,0,0.05555,14,3
2,1,3,3,0,0.12357,14,3
1,1,3,4,0,0.091551,14,3
1,2,3,1,0,0.075595,14,3
2,2,3,7,1,0.2697,14,3
1,1,3,1,0,0.15775,14,3
2,2,3,4,1,0.12573,14,3
2,2,3,2,0,0.14785,14,3
1,1,3,6,1,0.16382,14,3
2,2,3,2,0,0.2239,14,3
2,2,3,3,1,0.13192,14,3
1,1,3,4,0,0.15597,14,3
2,1,3,6,1,0.16211,14,3
2,1,3,4,0,0.16415,14,3
1,1,3,5,0,0.15217,14,3
2,1,3,7,1,0.15817,14,3
2,2,3,5,1,0.2683,14,3
2,1,3,5,1,0.066275,14,3
1,1,3,6,1,0.13832,14,3
1,1,3,5,1,0.14632,14,3
1,1,3,1,0,0.03843,14,3
1,1,3,7,1,0.094441,14,3
1,2,3,6,1,0.81726,12,4
2,2,3,7,0,0.72914,12,4
1,1,3,2,0,0.68429,12,4
2,1,3,2,0,0.73785,12,4
1,2,3,3,0,0.81472,12,4
2,1,3,1,0,1.0621,12,4
1,2,3,4,1,0.40642,12,4
1,1,3,5,1,0.66701,12,4
2,1,3,2,0,0.56156,12,4
2,1,3,2,0,0.66077,12,4
2,1,3,5,1,0.63843,12,4
2,1,3,1,0,1.0064,12,4
2,1,3,4,1,0.61992,12,4
2,1,3,3,1,0.78913,12,4
1,2,3,5,1,0.70193,12,4
2,1,3,1,0,0.76028,12,4
1,2,3,2,0,0.62877,12,4
1,1,3,2,0,0.63765,12,4
2,1,3,3,0,0.70004,12,4
2,2,3,1,0,0.46037,12,4
1,1,3,5,1,0.81484,12,4
2,1,3,5,1,0.6946,12,4
1,2,3,4,0,0.69264,12,4
1,2,3,7,1,0.54376,12,4
1,1,3,1,0,0.61334,12,4
1,2,3,7,1,1.11,12,4
1,2,3,1,0,0.65342,12,4
2,1,3,1,0,0.56489,12,4
1,1,3,1,0,0.59447,12,4
1,2,3,7,1,0.47198,12,4
1,2,3,3,0,0.67182,12,4
2,2,3,1,0,0.5879,12,4
1,1,3,2,0,0.57255,12,4
2,1,3,7,1,0.53518,12,4
2,2,3,7,1,0.47553,12,4
2,2,3,5,0,0.4416,12,4
1,1,3,4,0,0.3906,12,4
1,1,3,6,1,0.37916,12,4
1,1,3,6,0,0.88967,12,4
1,1,3,5,0,0.56353,12,4
2,1,3,5,0,0.60568,12,4
2,1,3,3,0,0.312,12,4
1,1,3,3,0,0.30571,12,4
2,1,3,3,0,1.0602,12,4
2,2,3,1,0,0.5824,12,4
1,1,3,2,0,0.57784,12,4
1,2,3,5,0,0.70841,12,4
2,2,3,5,1,0.61655,12,4
1,1,3,5,1,0.52234,12,4
2,2,3,2,0,0.99464,12,4
1,1,3,1,0,0.67641,12,4
2,2,3,7,1,0.58776,12,4
1,1,3,4,0,0.47954,12,4
2,1,3,6,1,0.40592,12,4
2,2,3,1,0,0.51879,12,4
1,1,3,7,1,0.10828,12,4
2,2,3,3,1,1.7336,12,4
1,2,3,1,0,0.65109,12,4
1,2,3,1,0,0.66833,12,4
1,1,3,5,1,0.49447,12,4
2,2,3,4,0,0.78949,12,4
1,2,3,3,1,0.35732,12,4
2,1,3,4,0,0.65985,12,4
1,1,3,5,0,0.89445,12,4
2,1,3,2,0,0.64396,12,4
2,1,3,7,1,0.57041,12,4
1,2,3,2,0,0.46303,12,4
2,2,3,7,1,0.44947,12,4
1,2,3,1,0,0.52128,12,4
2,1,3,4,0,0.58743,12,4
2,1,3,3,0,0.73377,12,4
1,1,3,7,1,0.65783,12,4
1,2,3,5,0,0.53904,12,4
1,1,3,6,1,0.44526,12,4
1,1,3,6,1,0.44931,12,4
1,2,3,3,0,0.41868,12,4
2,1,3,4,1,0.52072,12,4
1,2,3,5,0,0.51164,12,4
2,2,3,5,1,0.44656,12,4
2,1,3,2,0,1.4249,12,4
1,1,3,1,0,0.66655,12,4
2,2,3,1,0,0.69707,12,4
1,2,3,2,0,0.39571,12,4
1,2,3,5,1,0.41818,12,4
1,1,3,3,0,0.72238,12,4
2,1,3,6,1,0.71755,12,4
2,2,3,5,1,0.55916,12,4
2,2,3,4,0,1.0875,12,4
1,2,3,7,1,0.83323,12,4
2,2,3,4,1,0.92381,12,4
2,1,3,2,0,0.41795,12,4
2,2,3,1,0,0.3157,12,4
1,2,3,3,1,0.53948,12,4
1,2,3,1,0,0.75074,12,4
1,1,3,1,0,0.6631,12,4
2,2,3,3,1,0.44345,12,4
1,1,3,6,1,0.62933,12,4
2,1,3,6,1,0.55688,12,4
1,1,3,1,0,3.4796,12,4
2,1,3,7,1,0.71461,12,4
2,1,3,6,1,0.21284,12,4
1,1,3,4,0,1.082,12,4
1,1,3,2,0,0.82204,12,4
2,1,3,7,1,0.56732,12,4
1,1,3,1,0,0.52678,12,4
1,2,3,1,0,0.34548,12,4
2,2,3,2,0,0.70851,12,4
2,1,3,1,0,0.67719,12,4
2,2,3,4,0,0.76661,12,4
2,1,3,1,0,0.57783,12,4
1,2,3,4,0,1.0047,12,4
2,2,3,6,1,0.705,12,4
2,2,3,5,0,1.4779,12,4
2,2,3,3,1,1.2881,12,4
2,1,3,4,1,2.215,12,4
2,2,3,6,0,1.0384,12,4
1,1,3,1,0,0.53664,12,4
1,2,3,1,0,0.75961,12,4
2,2,3,7,1,0.57255,12,4
1,1,3,2,0,0.65905,12,4
2,1,3,3,0,0.83639,12,4
2,1,3,2,0,0.77224,12,4
2,2,3,7,1,0.69069,12,4
2,2,3,2,0,0.78278,12,4
2,1,3,2,0,0.35349,12,4
1,1,3,6,1,0.46534,12,4
1,2,3,4,0,0.91894,12,4
2,1,3,3,0,0.45295,12,4
1,1,3,6,1,0.51486,12,4
1,1,3,7,1,0.48041,12,4
1,2,3,7,1,0.54331,12,4
1,2,3,4,0,0.71777,12,4
2,1,3,4,1,0.50918,12,4
2,1,3,6,1,0.61348,12,4
1,1,3,7,1,0.40677,12,4
2,1,3,3,0,0.3898,12,4
1,2,3,3,0,0.69841,12,4
2,2,3,4,0,0.47944,12,4
2,2,3,1,0,0.33151,12,4
1,1,3,7,1,0.57705,12,4
2,2,3,3,0,3.2114,12,4
2,1,3,2,0,0.34942,12,4
1,1,3,6,1,0.51675,12,4
2,2,3,4,1,1.6724,12,4
2,2,3,1,0,0.73531,12,4
1,2,3,5,1,0.61844,12,4
1,2,3,2,0,0.76184,12,4
2,1,3,3,0,0.40555,12,4
1,1,3,3,0,1.0647,12,4
1,2,3,3,1,0.62265,12,4
2,2,3,4,0,1.1854,12,4
1,1,3,3,0,0.81355,12,4
1,2,3,5,0,0.44864,12,4
2,2,3,5,0,0.75536,12,4
1,2,3,7,1,0.49018,12,4
1,2,3,5,1,0.53674,12,4
2,2,3,3,0,0.56086,12,4
2,2,3,5,1,0.56026,12,4
1,2,3,7,1,0.48244,12,4
1,1,3,4,0,0.6512,12,4
2,2,3,6,1,0.6439,12,4
1,2,3,6,0,0.43758,12,4
2,2,3,7,1,0.42046,12,4
2,2,3,6,0,1.587,12,4
1,1,3,4,0,1.0927,12,4
1,2,3,6,1,0.46715,12,4
1,2,3,1,0,0.53378,12,4
2,2,3,7,1,0.44429,12,4
2,2,3,2,0,0.43902,12,4
2,2,3,6,1,0.60752,12,4
2,2,3,1,0,0.63535,12,4
1,2,3,6,0,0.95403,12,4
2,2,3,4,0,0.68381,12,4
2,2,3,3,0,0.65402,12,4
2,2,3,3,0,0.49341,12,4
1,2,3,7,1,0.42271,12,4
2,1,3,7,1,0.45548,12,4
1,1,3,6,1,0.70715,12,4
2,1,3,5,1,0.39687,12,4
1,2,3,6,1,0.47909,12,4
1,1,3,3,0,0.61976,12,4
1,2,3,2,0,0.35699,12,4
2,2,3,6,0,1.1612,12,4
2,2,3,6,1,0.40889,12,4
1,1,3,5,1,0.32448,12,4
1,2,3,6,1,0.25895,12,4
1,2,3,1,0,0.67449,12,4
1,1,3,2,0,0.52352,12,4
1,1,3,5,0,0.71488,12,4
2,2,3,3,0,0.41264,12,4
2,1,3,4,0,0.78902,12,4
2,2,3,5,1,0.72532,12,4
1,1,3,5,1,0.24291,12,4
2,1,3,1,0,0.20234,12,4
2,1,3,5,1,0.33772,12,4
1,2,3,2,0,0.30465,12,4
2,1,3,1,0,0.34831,12,4
1,2,3,7,1,0.49733,12,4
2,1,3,4,1,0.61204,12,4
2,1,3,7,1,0.36711,12,4
2,1,3,7,1,0.55869,12,4
2,1,3,6,1,0.38397,12,4
1,1,3,5,1,0.45019,12,4
2,1,3,7,1,0.45283,12,4
2,2,3,4,1,0.40315,12,4
2,2,3,2,0,0.71863,12,4
1,1,3,3,0,0.76751,12,4
2,1,3,5,1,0.47369,12,4
1,2,3,4,0,0.95122,12,4
2,1,3,5,1,0.7143,12,4
1,2,3,3,0,0.60553,12,4
2,1,3,6,0,0.54626,12,4
1,2,3,7,1,0.68902,12,4
2,2,3,2,0,0.84421,12,4
2,1,3,3,0,0.69303,12,4
1,1,3,7,1,0.4557,12,4
1,2,3,1,0,0.34225,12,4
2,2,3,3,0,0.30442,12,4
2,2,3,2,0,0.45861,12,4
2,2,3,6,1,0.37428,12,4
2,2,3,3,0,2.1328,12,4
1,1,3,7,1,0.54438,12,4
1,1,3,3,0,0.53347,12,4
1,1,3,2,0,0.42366,12,4
2,1,3,2,0,0.73467,12,4
2,1,3,6,1,0.51988,12,4
1,1,3,3,0,1.0864,12,4
2,1,3,7,1,0.24335,12,4
2,1,3,1,0,0.42068,12,4
2,2,3,2,0,0.30007,12,4
2,2,3,5,1,4.5141,12,4
1,2,3,3,0,0.43755,12,4
1,2,3,7,1,0.56263,12,4
1,2,3,4,1,3.0707,12,4
2,1,3,6,1,0.71514,12,4
2,1,3,4,0,0.41776,12,4
1,1,3,6,0,2.0947,12,4
2,2,3,4,1,0.64789,12,4
2,2,3,6,1,0.7813,12,4
1,2,3,2,0,0.76794,12,4
1,2,3,7,1,0.52539,12,4
2,1,3,3,0,0.73611,12,4
2,2,3,4,0,0.65971,12,4
2,1,3,5,1,0.50519,12,4
1,2,3,2,0,0.54883,12,4
1,1,3,7,1,0.38291,12,4
1,1,3,3,0,0.52077,12,4
1,2,3,6,1,0.41556,12,4
1,1,3,4,0,0.41216,12,4
1,2,3,1,0,0.4008,12,4
2,1,3,3,0,0.32061,12,4
2,1,3,4,1,0.29554,12,4
2,1,3,5,0,0.56093,12,4
1,1,3,1,0,0.29217,12,4
2,2,3,6,1,0.58937,12,4
2,1,3,6,0,0.4604,12,4
2,2,3,2,0,0.28611,12,4
1,1,3,5,1,0.29067,12,4
2,2,3,2,0,0.35507,12,4
1,1,3,1,0,0.37709,12,4
2,2,3,7,1,0.51622,12,4
2,2,3,3,0,0.6851,12,4
2,2,3,7,1,0.42889,12,4
2,2,3,3,1,0.43629,12,4
1,2,3,3,0,0.42438,12,4
2,1,3,5,0,0.34987,12,4
1,1,3,7,1,0.45842,12,4
2,1,3,7,1,0.35363,12,4
1,2,3,2,0,0.44338,12,4
1,1,3,6,0,0.768,12,4
2,2,3,1,0,0.49214,12,4
1,1,3,7,1,0.41331,12,4
2,2,3,6,1,0.61893,12,4
1,2,3,3,0,0.49702,12,4
1,1,3,3,0,0.62198,12,4
1,1,3,3,0,0.31969,12,4
1,2,3,2,0,0.3036,12,4
1,2,3,6,1,0.41873,12,4
1,1,3,4,0,0.285,12,4
2,1,3,5,0,0.43173,12,4
1,2,3,6,0,0.54553,12,4
2,2,3,7,1,0.42862,12,4
2,1,3,7,1,0.35286,12,4
1,1,3,4,0,0.52826,12,4
1,2,3,4,0,1.6417,12,4
2,2,3,5,0,0.54692,12,4
1,1,3,4,0,0.30122,12,4
1,2,3,4,0,0.25402,12,4
1,1,3,6,1,0.32966,12,4
2,1,3,7,1,0.11461,12,4
2,1,3,2,0,0.21791,12,4
2,2,3,1,0,0.20507,12,4
2,2,3,5,1,0.29112,12,4
2,1,3,5,1,0.1686,12,4
2,1,3,4,0,0.84152,12,4
1,1,3,3,0,1.1463,12,4
1,2,3,3,0,0.49016,12,4
2,1,3,6,1,0.49049,12,4
2,1,3,1,0,0.31291,12,4
1,2,3,5,1,0.28586,12,4
1,1,3,2,0,1.4194,12,4
2,2,3,5,0,0.46869,12,4
2,1,3,2,0,0.25864,12,4
1,2,3,4,0,0.4251,12,4
1,2,3,2,0,0.4634,12,4
2,1,3,6,1,0.35044,12,4
1,2,3,4,0,0.61199,12,4
1,1,3,4,1,0.62452,12,4
1,2,3,4,0,0.64893,12,4
1,2,3,6,1,1.1085,12,4
1,1,3,1,0,0.44016,12,4
2,2,3,2,0,0.28242,12,4
1,2,3,6,0,0.54723,12,4
2,2,3,2,0,0.42527,12,4
1,1,3,5,0,0.27554,12,4
2,1,3,1,0,0.25708,12,4
2,2,3,4,0,0.75437,12,4
1,1,3,4,0,0.46428,12,4
1,1,3,1,0,0.28493,12,4
2,2,3,1,0,0.25654,12,4
1,1,3,2,0,0.35201,12,4
1,1,3,4,0,1.0516,12,4
1,2,3,2,0,0.32436,12,4
1,2,3,6,1,0.42071,12,4
1,1,3,2,0,0.3585,12,4
1,2,3,5,1,0.41056,12,4
1,2,3,1,0,0.32008,12,4
1,1,3,7,1,0.26301,12,4
1,2,3,5,1,0.3349,12,4
2,2,3,6,1,0.30519,12,4
1,1,3,7,1,0.20813,12,4
1,1,3,2,0,0.40363,12,4
2,1,3,1,0,0.32367,12,4
1,2,3,5,1,0.31493,12,4
2,1,3,4,1,0.49934,12,4
2,2,3,7,1,0.27888,12,4
1,1,3,2,0,0.39391,11,5
2,2,3,7,1,0.67966,11,5
2,1,3,6,1,0.70165,11,5
2,1,3,4,0,0.98166,11,5
2,2,3,1,0,0.41585,11,5
1,1,3,4,1,0.63196,11,5
2,2,3,4,0,0.64001,11,5
2,2,3,7,1,0.49206,11,5
2,1,3,1,0,0.32818,11,5
1,2,3,6,1,0.52596,11,5
1,2,3,5,0,0.75425,11,5
1,1,3,2,0,0.44018,11,5
1,1,3,1,0,0.31821,11,5
2,1,3,4,0,1.2183,11,5
1,1,3,1,0,0.38433,11,5
1,2,3,3,0,0.41239,11,5
2,1,3,6,1,0.47647,11,5
2,1,3,2,0,0.40055,11,5
2,1,3,1,0,0.3086,11,5
1,2,3,3,0,0.4466,11,5
1,2,3,7,0,0.68673,11,5
2,2,3,7,0,0.5627,11,5
1,2,3,6,1,1.1268,11,5
1,1,3,2,0,0.30681,11,5
2,1,3,1,0,0.33879,11,5
1,2,3,2,0,0.37697,11,5
2,1,3,1,0,0.30893,11,5
1,2,3,5,0,0.4631,11,5
2,2,3,6,1,0.46102,11,5
2,2,3,5,0,0.46115,11,5
1,2,3,4,0,0.56112,11,5
2,1,3,4,0,0.64715,11,5
2,1,3,7,0,1.1992,11,5
2,1,3,6,0,0.93727,11,5
1,2,3,4,0,0.72335,11,5
2,2,3,4,0,0.48942,11,5
1,2,3,5,0,0.63546,11,5
2,1,3,3,0,0.29152,11,5
2,2,3,5,0,0.3676,11,5
2,1,3,7,1,0.68559,11,5
1,1,3,3,0,0.34373,11,5
2,1,3,2,0,0.37571,11,5
2,2,3,2,0,0.4618,11,5
1,1,3,6,0,1.0619,11,5
2,1,3,7,1,0.37784,11,5
2,1,3,1,0,0.45194,11,5
1,2,3,6,0,1.196,11,5
2,1,3,6,1,0.61198,11,5
1,2,3,2,0,0.40478,11,5
2,2,3,2,0,0.32676,11,5
1,1,3,7,0,0.52671,11,5
2,1,3,5,0,0.49886,11,5
2,2,3,5,0,0.60287,11,5
1,2,3,5,0,0.42912,11,5
1,1,3,1,0,0.51106,11,5
2,2,3,3,0,0.29709,11,5
1,2,3,3,0,0.39314,11,5
1,2,3,2,0,0.30308,11,5
2,1,3,4,0,0.22318,11,5
2,2,3,3,0,0.53323,11,5
2,2,3,1,0,0.20931,11,5
1,2,3,1,0,0.27335,11,5
2,1,3,6,0,0.27139,11,5
2,1,3,6,0,0.42537,11,5
1,2,3,3,0,0.32345,11,5
2,1,3,2,0,0.29756,11,5
1,1,3,7,1,0.30148,11,5
1,2,3,1,0,0.25757,11,5
1,1,3,2,0,0.24361,11,5
2,1,3,2,0,0.36762,11,5
1,1,3,4,0,0.29369,11,5
1,2,3,1,0,0.26574,11,5
2,2,3,3,0,0.22776,11,5
2,1,3,3,0,0.32781,11,5
2,1,3,4,0,0.4318,11,5
2,2,3,1,0,0.28784,11,5
2,2,3,4,0,0.27187,11,5
2,2,3,6,0,0.50403,11,5
1,1,3,6,0,0.68811,11,5
2,1,3,7,1,0.6361,11,5
2,1,3,1,0,0.31019,11,5
1,1,3,3,0,0.37026,11,5
2,2,3,2,0,0.33034,11,5
2,2,3,4,0,0.29248,11,5
2,1,3,1,0,0.19436,11,5
1,2,3,5,1,0.65222,11,5
1,1,3,1,0,0.20247,11,5
2,1,3,3,0,0.31062,11,5
1,2,3,5,1,0.73466,11,5
1,2,3,7,1,0.42262,11,5
2,2,3,4,0,0.66278,11,5
2,2,3,3,0,0.24487,11,5
2,2,3,1,0,0.3409,11,5
2,2,3,2,0,0.34894,11,5
2,1,3,7,1,0.34901,11,5
1,2,3,2,0,0.40508,11,5
1,1,3,4,0,0.84515,11,5
1,2,3,3,0,0.66287,11,5
2,2,3,6,1,0.54893,11,5
1,2,3,4,0,0.63108,11,5
2,2,3,4,0,0.50706,11,5
2,1,3,3,0,0.82906,11,5
2,1,3,5,0,0.91312,11,5
1,2,3,2,0,0.54113,11,5
1,1,3,3,0,0.37926,11,5
1,1,3,7,1,0.46727,11,5
2,1,3,7,1,0.38925,11,5
2,2,3,4,0,0.46933,11,5
1,2,3,1,0,0.3294,11,5
2,2,3,6,1,0.66539,11,5
2,2,3,6,1,0.49143,11,5
1,2,3,5,1,0.80954,11,5
1,1,3,7,1,0.89554,11,5
2,1,3,3,0,0.45762,11,5
1,1,3,1,0,0.3717,11,5
1,2,3,4,0,0.78767,11,5
1,2,3,6,1,0.61376,11,5
1,2,3,1,0,0.33977,11,5
2,1,3,4,1,0.36185,11,5
2,2,3,5,1,0.59186,11,5
2,2,3,6,1,0.69793,11,5
1,2,3,6,1,0.41601,11,5
2,2,3,6,1,0.42804,11,5
2,1,3,5,1,0.5101,11,5
2,2,3,5,1,0.6662,11,5
1,2,3,1,0,0.43627,11,5
1,1,3,2,0,0.53627,11,5
2,1,3,5,0,0.90834,11,5
1,1,3,3,0,0.42649,11,5
1,2,3,3,0,0.34842,11,5
1,2,3,5,0,0.70047,11,5
1,1,3,1,0,0.28649,11,5
1,2,3,4,0,1.2646,11,5
2,1,3,5,0,1.4226,11,5
2,1,3,2,0,0.38679,11,5
2,1,3,6,1,0.97876,11,5
2,1,3,4,0,0.93884,11,5
1,2,3,7,1,0.36684,11,5
1,1,3,2,0,0.59697,11,5
1,2,3,1,0,0.30699,11,5
1,2,3,6,0,0.851,11,5
1,1,3,6,0,0.95906,11,5
2,2,3,7,1,0.30315,11,5
1,1,3,6,1,0.40719,11,5
1,2,3,2,0,0.32981,11,5
1,1,3,7,1,0.22175,11,5
2,2,3,6,1,0.35581,11,5
2,2,3,1,0,0.36791,11,5
2,2,3,5,1,1.5078,11,5
2,2,3,4,0,0.33803,11,5
1,1,3,2,0,0.35797,11,5
2,2,3,4,0,0.42808,11,5
1,1,3,4,0,0.84598,11,5
1,2,3,3,0,0.31418,11,5
2,1,3,6,1,0.90215,11,5
2,2,3,2,0,0.26826,11,5
2,1,3,2,0,0.24631,11,5
1,2,3,3,0,0.22829,11,5
1,1,3,6,0,0.79438,11,5
2,2,3,3,0,0.3645,11,5
2,2,3,4,0,1.0086,11,5
2,2,3,3,0,0.38057,11,5
1,2,3,4,0,0.46469,11,5
2,2,3,1,0,0.28671,11,5
1,2,3,7,1,0.42681,11,5
1,2,3,3,0,0.30881,11,5
2,2,3,3,0,0.36687,11,5
1,2,3,7,1,0.44487,11,5
2,2,3,3,0,0.29898,11,5
1,1,3,1,0,0.27308,11,5
1,1,3,6,1,0.37502,11,5
2,2,3,7,1,0.33706,11,5
1,2,3,6,1,0.40715,11,5
1,2,3,4,1,0.81134,11,5
2,1,3,7,1,0.41329,11,5
2,1,3,5,1,0.51725,11,5
2,1,3,4,0,1.1394,11,5
1,1,3,5,1,0.49138,11,5
1,2,3,1,0,0.62752,11,5
1,2,3,2,0,0.1595,11,5
1,2,3,3,0,0.19965,11,5
2,2,3,1,0,0.16756,11,5
1,1,3,5,1,0.21571,11,5
2,2,3,2,0,0.57765,11,5
1,2,3,2,0,0.22171,11,5
2,1,3,3,0,0.14579,11,5
2,2,3,6,1,0.28975,11,5
1,1,3,2,0,0.70179,11,5
2,1,3,1,0,0.61596,11,5
1,1,3,2,0,0.34603,11,5
2,2,3,2,0,0.55208,11,5
1,2,3,6,1,0.45272,11,5
1,2,3,1,0,0.39281,11,5
2,2,3,2,0,0.36884,11,5
1,2,3,2,0,0.37491,11,5
1,2,3,5,1,0.44093,11,5
2,1,3,7,1,0.30299,11,5
1,1,3,7,1,0.43295,11,5
2,1,3,1,0,0.48308,11,5
1,1,3,5,1,0.52521,11,5
1,1,3,3,0,0.92102,11,5
1,2,3,1,0,0.57923,11,5
1,2,3,4,0,0.57533,11,5
2,2,3,7,1,0.37134,11,5
1,2,3,4,0,0.98741,11,5
1,1,3,7,1,0.4314,11,5
1,1,3,1,0,0.45951,11,5
2,1,3,2,0,0.37954,11,5
1,1,3,5,1,0.42762,11,5
1,1,3,2,0,0.85957,11,5
1,2,3,7,0,1.6697,11,5
1,2,3,2,0,0.43977,11,5
1,1,3,4,0,0.81384,11,5
1,1,3,1,0,0.52987,11,5
1,1,3,6,1,0.40188,11,5
2,1,3,3,0,0.48792,11,5
1,1,3,5,1,0.42802,11,5
2,2,3,4,0,0.902,11,5
1,2,3,2,0,0.44005,11,5
1,2,3,3,0,0.48013,11,5
1,1,3,6,1,0.45418,11,5
1,2,3,6,1,0.38627,11,5
2,1,3,3,0,0.38815,11,5
2,1,3,5,1,0.41833,11,5
1,2,3,7,1,0.2964,11,5
2,1,3,5,1,0.37242,11,5
1,1,3,3,0,1.0345,11,5
1,2,3,7,1,0.48454,11,5
1,1,3,5,1,0.48851,11,5
2,2,3,5,1,0.55063,11,5
1,1,3,4,0,1.1206,11,5
2,1,3,1,0,0.65672,11,5
2,2,3,2,0,0.38873,11,5
1,1,3,3,0,0.34685,11,5
1,1,3,4,0,0.33294,11,5
1,1,3,2,0,0.48498,11,5
1,1,3,1,0,0.62091,11,5
2,2,3,5,0,0.50912,11,5
1,1,3,5,1,0.43409,11,5
1,1,3,2,0,0.3461,11,5
2,1,3,4,0,0.34598,11,5
1,2,3,6,1,0.30219,11,5
2,2,3,3,0,0.4802,11,5
1,1,3,3,0,0.40023,11,5
2,2,3,3,0,0.41238,11,5
2,2,3,7,1,0.44836,11,5
2,1,3,6,1,0.46045,11,5
1,2,3,3,0,0.7026,11,5
1,2,3,4,0,0.41662,11,5
1,1,3,7,1,0.40062,11,5
2,1,3,5,1,0.79667,11,5
2,1,3,2,0,0.37062,11,5
2,2,3,4,0,0.76074,11,5
2,1,3,5,0,0.27871,11,5
2,1,3,3,0,0.39682,11,5
2,1,3,3,0,0.25679,11,5
1,1,3,7,0,1.1249,11,5
1,1,3,6,1,0.55889,11,5
1,1,3,3,0,0.48689,11,5
1,2,3,4,0,0.47107,11,5
2,2,3,1,0,0.36901,11,5
2,1,3,6,0,0.35111,11,5
1,2,3,1,0,0.34919,11,5
2,1,3,5,0,0.40114,11,5
2,2,3,6,0,0.82532,11,5
1,2,3,4,0,0.28738,11,5
2,2,3,7,1,0.43736,11,5
1,1,3,5,0,0.37745,11,5
2,2,3,2,0,0.3415,11,5
1,1,3,5,0,0.18754,11,5
1,1,3,3,0,0.33564,11,5
2,2,3,7,0,0.56164,11,5
1,1,3,4,0,0.34973,11,5
2,1,3,3,0,0.55965,11,5
1,1,3,6,0,1.3998,11,5
1,2,3,6,0,0.73988,11,5
1,1,3,6,1,0.55192,11,5
2,1,3,7,1,0.42389,11,5
2,2,3,3,0,0.38405,11,5
1,2,3,7,1,0.4842,11,5
1,1,3,7,1,0.87597,11,5
2,1,3,7,1,0.53015,11,5
1,2,3,1,0,0.39219,11,5
2,2,3,5,1,0.37825,11,5
2,1,3,2,0,0.32839,11,5
1,2,3,7,1,0.48835,11,5
2,2,3,1,0,0.45034,11,5
1,1,3,6,1,0.29922,11,5
1,2,3,6,1,0.26524,11,5
1,1,3,7,1,0.32329,11,5
2,2,3,5,1,0.41342,11,5
1,1,3,3,0,0.43745,11,5
1,1,3,4,0,0.33143,11,5
2,2,3,7,1,0.3235,11,5
2,2,3,6,1,0.33954,11,5
1,2,3,5,1,0.40352,11,5
2,2,3,5,1,0.57973,11,5
2,1,3,1,0,0.33179,11,5
2,1,3,7,1,0.32176,11,5
1,2,3,2,0,0.28578,11,5
2,2,3,7,1,0.89006,11,5
1,1,3,4,0,0.75584,11,5
2,1,3,3,0,0.40595,11,5
2,1,3,6,1,0.40191,11,5
2,1,3,6,1,0.31603,11,5
1,1,3,1,0,0.34819,11,5
1,1,3,3,0,0.33822,11,5
2,1,3,5,1,0.88018,11,5
2,2,3,6,1,0.34025,11,5
1,1,3,1,0,0.32428,11,5
1,2,3,5,1,0.79233,11,5
1,1,3,5,1,0.00029867,11,5
1,1,3,4,0,0.36642,11,5
2,2,3,3,0,0.55659,11,5
1,1,3,5,0,1.5006,11,5
2,1,3,7,0,1.2466,11,5
2,1,3,2,0,0.32057,11,5
1,2,3,7,1,0.41266,11,5
2,2,3,2,0,0.41877,11,5
1,1,3,4,0,0.59867,11,5
1,1,3,5,0,0.60076,11,5
2,2,3,1,0,0.30285,11,5
2,1,3,2,0,0.37088,11,5
1,2,3,7,0,1.7287,11,5
1,1,3,7,1,0.4112,11,5
2,2,3,1,0,0.31499,11,5
2,1,3,4,0,0.62308,11,5
1,2,3,5,0,1.3071,11,5
2,2,3,2,0,0.19715,11,5
2,2,3,5,0,0.55507,11,5
2,1,3,4,0,0.92912,11,5
2,1,3,1,0,0.14125,11,5
2,2,3,7,0,0.41731,11,5
2,1,3,4,0,0.26536,11,5
2,2,3,1,0,0.037416,11,5
2,1,3,2,0,0.66151,11,5
1,2,3,4,1,3.4719,10,6
1,2,3,1,0,0.40743,10,6
1,1,3,4,1,1.1941,10,6
2,2,3,6,0,0.42322,10,6
2,1,3,6,1,0.84881,10,6
2,1,3,7,1,0.3857,10,6
1,1,3,1,0,0.4035,10,6
1,2,3,3,1,0.63537,10,6
1,2,3,2,0,1.543,10,6
2,1,3,4,1,0.64403,10,6
2,1,3,5,1,0.81328,10,6
2,2,3,2,0,0.54314,10,6
2,2,3,3,1,0.33587,10,6
1,2,3,3,1,0.58755,10,6
1,1,3,5,1,1.0419,10,6
1,1,3,6,1,0.28048,10,6
1,1,3,7,1,0.26388,10,6
1,1,3,6,1,0.36119,10,6
1,1,3,2,1,0.36907,10,6
1,1,3,4,1,1.6485,10,6
2,2,3,6,1,0.41589,10,6
1,2,3,2,0,0.32824,10,6
1,2,3,5,1,0.31959,10,6
2,2,3,4,1,0.47713,10,6
1,2,3,5,1,0.81586,10,6
1,1,3,6,0,0.4798,10,6
2,1,3,4,0,0.42071,10,6
2,1,3,1,0,0.40271,10,6
2,1,3,4,0,0.38751,10,6
2,2,3,6,1,0.4471,10,6
2,1,3,1,0,0.49227,10,6
2,2,3,6,1,0.461,10,6
2,1,3,7,0,0.53297,10,6
1,1,3,3,1,0.94274,10,6
2,2,3,2,0,0.80136,10,6
2,1,3,1,0,1.1896,10,6
2,1,3,3,1,0.96631,10,6
1,1,3,5,1,0.32525,10,6
1,2,3,7,1,0.15246,10,6
1,1,3,7,1,0.14154,10,6
1,1,3,7,1,0.1984,10,6
2,2,3,7,1,0.32725,10,6
1,1,3,4,1,0.37465,10,6
1,1,3,1,0,0.74548,10,6
1,1,3,5,1,0.16033,10,6
1,2,3,3,1,0.3616,10,6
2,2,3,1,0,0.47391,10,6
1,1,3,3,1,0.64978,10,6
2,2,3,5,1,0.31458,10,6
1,1,3,5,1,0.5074,10,6
2,1,3,1,0,1.1078,10,6
1,2,3,1,1,0.43944,10,6
1,1,3,4,1,0.41749,10,6
1,2,3,2,1,0.22392,10,6
1,1,3,5,1,0.013984,10,6
2,1,3,3,1,0.13199,10,6
1,2,3,7,1,0.16267,10,6
2,1,3,2,0,0.51886,10,6
1,2,3,2,0,1.451,10,6
2,1,3,3,1,0.38272,10,6
2,1,3,3,1,2.2922,10,6
2,1,3,4,1,0.63581,10,6
2,1,3,5,1,0.30429,10,6
1,2,3,2,1,0.35837,10,6
1,1,3,6,1,0.12065,10,6
2,1,3,7,1,0.26407,10,6
2,2,3,5,1,0.22018,10,6
1,2,3,2,0,0.85349,10,6
1,1,3,1,0,0.62924,10,6
2,1,3,2,0,0.6179,10,6
2,1,3,6,1,0.16797,10,6
1,1,3,4,1,0.44726,10,6
1,2,3,1,0,0.44019,10,6
1,2,3,4,1,0.6569,10,6
1,2,3,7,1,0.26195,10,6
2,2,3,1,0,0.95696,10,6
2,1,3,2,0,0.43169,10,6
1,2,3,5,1,0.32704,10,6
1,1,3,1,0,0.806,10,6
2,2,3,6,1,0.14095,10,6
2,1,3,7,1,0.19261,10,6
1,1,3,4,1,0.34263,10,6
2,2,3,6,1,0.26726,10,6
2,1,3,6,1,0.15562,10,6
2,1,3,3,1,0.063332,10,6
1,2,3,7,1,0.12959,10,6
2,2,3,2,1,0.38213,10,6
2,2,3,5,1,0.11474,10,6
1,2,3,6,1,0.32117,10,6
1,1,3,5,1,0.20808,10,6
2,2,3,6,1,0.52273,10,6
1,2,3,2,1,0.53208,10,6
1,2,3,2,0,0.11642,10,6
2,2,3,1,0,0.48574,10,6
1,2,3,2,0,0.26116,10,6
2,2,3,5,1,0.15631,10,6
2,1,3,6,1,0.067702,10,6
1,2,3,5,1,0.20694,10,6
2,1,3,5,1,0.12498,10,6
2,2,3,5,1,0.32246,10,6
1,1,3,5,1,0.25238,10,6
1,1,3,2,0,1.6428,10,6
2,1,3,6,1,0.13684,10,6
1,1,3,1,0,0.28777,10,6
1,1,3,4,1,0.28008,10,6
1,2,3,5,1,0.052727,10,6
1,2,3,3,1,0.22567,10,6
2,1,3,5,1,0.24157,10,6
2,1,3,7,1,0.16813,10,6
1,1,3,3,1,0.14678,10,6
2,1,3,7,1,0.086922,10,6
2,2,3,2,1,0.22099,10,6
1,1,3,6,1,0.16199,10,6
2,1,3,1,1,0.64426,10,6
2,2,3,4,1,0.56881,10,6
1,2,3,6,1,0.083135,10,6
1,2,3,4,1,0.14267,10,6
2,2,3,3,1,0.28463,10,6
1,1,3,2,0,0.55739,10,6
2,1,3,7,1,0.083925,10,6
1,1,3,5,0,0.43897,10,6
2,1,3,2,0,0.52453,10,6
1,2,3,6,1,0.30691,10,6
2,2,3,5,1,0.84472,10,6
2,1,3,6,1,0.16276,10,6
1,1,3,2,0,0.16329,10,6
2,1,3,4,0,1.4347,10,6
1,2,3,6,1,0.088188,10,6
1,1,3,2,0,0.32865,10,6
1,2,3,5,0,0.44571,10,6
1,1,3,4,1,1.03,10,6
2,2,3,1,0,0.41954,10,6
1,2,3,3,1,1.394,10,6
2,2,3,2,0,0.36983,10,6
1,1,3,3,0,0.52975,10,6
1,2,3,2,0,0.34758,10,6
2,1,3,2,0,1.0364,10,6
1,1,3,1,0,0.46453,10,6
1,1,3,2,0,0.64651,10,6
2,2,3,3,1,0.25717,10,6
2,2,3,6,1,0.10742,10,6
2,1,3,2,0,0.47309,10,6
2,1,3,2,0,0.76373,10,6
2,2,3,6,1,0.117,10,6
2,1,3,5,1,0.13158,10,6
1,2,3,6,1,0.77558,10,6
1,2,3,4,1,0.19388,10,6
2,2,3,1,1,0.77394,10,6
2,2,3,4,1,0.32424,10,6
2,1,3,5,1,0.27613,10,6
2,1,3,5,1,7.7101e-05,10,6
2,2,3,3,1,0.20851,10,6
1,1,3,3,1,0.33317,10,6
1,2,3,7,1,0.18291,10,6
2,2,3,7,1,0.15734,10,6
2,2,3,7,1,0.17945,10,6
1,1,3,6,1,0.16188,10,6
2,2,3,4,1,0.4037,10,6
1,1,3,2,0,0.31794,10,6
2,1,3,7,1,0.16114,10,6
1,2,3,7,1,0.46683,10,6
2,2,3,3,1,0.3543,10,6
2,1,3,4,1,0.27085,10,6
1,2,3,3,1,0.26228,10,6
1,2,3,3,1,0.059889,10,6
1,1,3,6,1,0.22953,10,6
2,1,3,4,1,0.29543,10,6
2,1,3,4,1,0.31798,10,6
2,2,3,1,0,1.3791,10,6
1,1,3,1,0,0.6217,10,6
2,2,3,1,0,0.48414,10,6
2,2,3,4,1,0.10353,10,6
2,1,3,2,0,0.4004,10,6
1,2,3,4,0,0.34056,10,6
1,2,3,5,1,0.16199,10,6
2,1,3,2,0,0.55121,10,6
1,1,3,6,1,0.095646,10,6
2,2,3,2,0,0.87941,10,6
2,1,3,7,1,0.55485,10,6
2,2,3,6,1,0.3876,10,6
2,2,3,1,0,0.49479,10,6
1,2,3,1,0,0.3681,10,6
1,2,3,5,0,1.6447,10,6
1,2,3,3,0,1.1098,10,6
1,1,3,7,1,0.20468,10,6
2,1,3,1,0,0.34398,10,6
2,2,3,4,1,0.20489,10,6
2,1,3,6,1,0.23637,10,6
2,1,3,6,1,0.21799,10,6
1,2,3,7,1,1.0042,10,6
2,2,3,6,1,0.31086,10,6
1,1,3,3,1,0.91312,10,6
1,1,3,4,1,0.28786,10,6
2,1,3,1,0,0.57995,10,6
2,2,3,3,1,1.558,10,6
2,1,3,3,1,0.14604,10,6
1,2,3,3,1,0.71804,10,6
2,1,3,7,1,0.20806,10,6
2,2,3,3,1,0.61551,10,6
1,1,3,3,1,0.50903,10,6
2,1,3,1,0,0.45626,10,6
2,2,3,2,0,0.61849,10,6
2,1,3,3,1,0.6975,10,6
1,2,3,6,1,0.29806,10,6
2,2,3,7,1,0.16511,10,6
2,1,3,5,1,0.55472,10,6
2,1,3,2,0,0.69908,10,6
1,2,3,4,1,1.2499,10,6
2,1,3,4,1,1.2369,10,6
2,1,3,6,1,0.24627,10,6
2,1,3,1,0,0.95817,10,6
2,2,3,2,1,1.4696,10,6
1,1,3,1,0,0.62661,10,6
2,1,3,3,1,0.71306,10,6
1,1,3,2,0,0.75627,10,6
1,2,3,3,1,1.2008,10,6
1,1,3,7,1,0.32298,10,6
2,1,3,4,1,1.7295,10,6
2,2,3,5,1,0.11886,10,6
1,1,3,4,1,1.3027,10,6
1,2,3,6,1,0.14544,10,6
1,2,3,1,0,0.49491,10,6
1,2,3,5,1,1.2632,10,6
1,1,3,4,1,0.47149,10,6
1,1,3,3,0,0.78052,10,6
2,1,3,5,1,0.057652,10,6
1,1,3,2,0,0.4857,10,6
2,2,3,1,0,0.32504,10,6
1,2,3,6,1,0.16352,10,6
2,2,3,3,1,0.61184,10,6
2,2,3,4,1,0.47336,10,6
1,1,3,7,1,0.20499,10,6
2,1,3,7,1,0.12686,10,6
1,1,3,7,1,0.1893,10,6
2,1,3,3,1,0.63423,10,6
2,2,3,7,1,7.7613e-05,10,6
1,2,3,1,0,0.58845,10,6
1,2,3,5,1,0.57651,10,6
2,2,3,7,1,7.6845e-05,10,6
1,1,3,3,1,1.0463,10,6
2,2,3,1,0,0.30317,10,6
2,1,3,5,1,0.11475,10,6
1,2,3,4,1,0.21021,10,6
2,1,3,6,1,0.31227,10,6
2,2,3,3,1,0.12107,10,6
1,2,3,1,0,0.61917,10,6
2,1,3,4,1,0.34189,10,6
1,2,3,1,0,0.45572,10,6
2,2,3,7,1,0.015523,10,6
2,1,3,6,1,0.17118,10,6
2,2,3,4,1,0.79175,10,6
1,2,3,6,1,0.60491,10,6
2,2,3,3,1,0.19913,10,6
1,2,3,5,1,0.20085,10,6
1,1,3,3,1,0.64204,10,6
2,1,3,4,1,0.56031,10,6
2,2,3,5,1,0.27412,10,6
2,2,3,4,1,0.24203,10,6
1,2,3,7,1,0.11617,10,6
2,1,3,1,0,0.57029,10,6
2,2,3,7,0,0.74659,10,6
2,2,3,7,1,0.48866,10,6
2,1,3,1,0,0.37408,10,6
1,2,3,6,1,0.18525,10,6
2,2,3,2,0,0.86851,10,6
2,1,3,1,0,0.31642,10,6
1,1,3,5,1,0.073403,10,6
1,2,3,7,1,0.18627,10,6
1,2,3,4,1,0.41249,10,6
1,1,3,6,1,0.33426,10,6
1,2,3,1,0,0.5747,10,6
2,2,3,1,1,0.37499,10,6
2,1,3,2,0,0.48878,10,6
2,1,3,3,0,0.17292,10,6
1,2,3,2,0,0.92253,10,6
1,2,3,1,0,0.43891,10,6
1,2,3,1,1,7.7357e-05,10,6
1,2,3,2,0,0.14737,10,6
1,1,3,6,1,0.10868,10,6
2,2,3,7,1,0.054974,10,6
2,1,3,7,1,0.016285,10,6
1,2,3,4,1,0.56674,10,6
2,2,3,5,1,7.8125e-05,10,6
1,1,3,2,0,0.35714,10,6
1,2,3,6,1,0.16464,10,6
1,1,3,3,1,1.0586,10,6
1,1,3,5,1,0.10373,10,6
1,2,3,6,1,0.058948,10,6
2,1,3,5,1,0.076753,10,6
1,1,3,7,1,8.0687e-05,10,6
1,1,3,6,1,0.13305,10,6
1,1,3,6,1,0.036962,10,6
1,1,3,7,1,0.025113,10,6
2,1,3,3,1,0.11628,10,6
2,2,3,3,1,0.21115,10,6
2,2,3,3,1,0.059656,10,6
2,2,3,5,1,0.11772,10,6
1,2,3,7,1,0.22484,10,6
2,2,3,2,1,0.24779,10,6
2,2,3,5,1,0.18755,10,6
1,2,3,5,1,0.036808,10,6
2,1,3,3,1,0.42879,10,6
1,2,3,3,1,0.30106,10,6
1,1,3,7,1,0.043079,10,6
2,2,3,2,0,2.2801,10,6
1,1,3,1,0,0.24097,10,6
1,1,3,3,0,1.1872,10,6
1,2,3,1,0,0.42518,10,6
1,1,3,1,0,0.28584,10,6
1,1,3,5,1,0.22677,10,6
1,2,3,4,1,0.39894,10,6
2,1,3,6,1,0.25585,10,6
2,2,3,4,1,0.53172,10,6
1,2,3,4,1,0.16837,10,6
2,2,3,2,1,0.48258,10,6
2,2,3,7,1,0.068815,10,6
2,2,3,5,1,0.41033,10,6
2,1,3,2,0,0.58871,10,6
1,2,3,3,1,0.2685,10,6
1,2,3,7,1,0.39317,10,6
2,2,3,4,1,0.70354,10,6
1,1,3,1,0,0.1726,10,6
1,1,3,7,1,0.027648,10,6
1,1,3,1,0,0.17943,10,6
2,1,3,5,1,0.17794,10,6
2,2,3,1,0,0.65226,10,6
1,2,3,7,1,0.08315,10,6
1,1,3,4,1,0.12064,10,6
1,1,3,5,1,0.15775,10,6
1,1,3,2,1,0.14591,10,6
1,2,3,4,1,0.12939,10,6
1,1,3,7,1,0.11939,10,6
2,2,3,4,1,0.29052,10,6
1,1,3,2,0,0.23023,10,6
2,2,3,7,1,0.38288,10,6
2,2,3,6,1,0.35453,10,6
2,2,3,6,1,0.29316,14,7
1,1,3,2,0,1.2893,14,7
1,2,3,3,1,0.88333,14,7
1,2,3,1,0,0.51937,14,7
1,2,3,7,1,0.27343,14,7
2,1,3,7,1,0.25549,14,7
1,1,3,1,0,0.35355,14,7
2,1,3,4,1,1.1016,14,7
1,1,3,2,0,0.48373,14,7
1,2,3,6,1,0.25171,14,7
1,2,3,3,0,0.34978,14,7
2,2,3,1,0,0.30788,14,7
2,1,3,6,1,0.23387,14,7
2,2,3,3,1,0.56388,14,7
1,1,3,7,1,0.23397,14,7
1,2,3,6,1,0.27597,14,7
2,1,3,2,0,0.43401,14,7
1,1,3,4,1,0.19203,14,7
2,2,3,1,0,0.26409,14,7
1,1,3,3,0,0.73821,14,7
2,2,3,1,0,0.41232,14,7
1,1,3,3,0,1.7224,14,7
2,2,3,1,0,0.23637,14,7
1,2,3,7,1,0.27428,14,7
1,2,3,2,0,0.33651,14,7
1,2,3,4,1,0.3405,14,7
1,1,3,6,1,0.2105,14,7
1,1,3,3,0,0.18458,14,7
2,1,3,3,0,1.2507,14,7
2,2,3,5,1,0.26267,14,7
1,1,3,4,1,0.28271,14,7
1,2,3,1,0,0.4148,14,7
2,1,3,7,1,0.3148,14,7
1,2,3,6,1,0.35272,14,7
1,1,3,1,0,0.37289,14,7
2,1,3,1,0,0.28897,14,7
2,1,3,5,1,0.43096,14,7
2,1,3,6,1,0.349,14,7
2,2,3,3,1,0.42702,14,7
1,2,3,4,1,0.27112,14,7
2,2,3,4,1,0.23915,14,7
1,1,3,6,1,0.3253,14,7
2,2,3,1,0,0.39719,14,7
2,2,3,2,0,0.75733,14,7
1,1,3,1,0,0.21339,14,7
1,1,3,2,0,0.25149,14,7
2,2,3,2,0,1.0215,14,7
2,1,3,1,0,0.20757,14,7
1,1,3,4,1,0.36154,14,7
2,1,3,2,0,0.29184,14,7
1,1,3,5,1,0.053961,14,7
2,1,3,2,0,0.43991,14,7
1,1,3,2,0,0.3059,14,7
2,2,3,3,1,0.66792,14,7
1,1,3,4,1,0.26402,14,7
2,2,3,4,0,16.934,14,7
1,2,3,7,1,0.26432,14,7
2,1,3,4,1,0.64637,14,7
1,2,3,2,0,0.43251,14,7
1,1,3,6,1,0.22856,14,7
2,2,3,7,1,0.28065,14,7
2,1,3,3,1,0.29669,14,7
1,2,3,5,1,0.29671,14,7
2,2,3,7,1,0.21673,14,7
2,1,3,7,1,0.25282,14,7
2,1,3,5,1,0.2608,14,7
2,1,3,5,1,0.25092,14,7
1,2,3,4,1,0.26692,14,7
1,2,3,3,1,0.32297,14,7
1,1,3,3,1,0.36302,14,7
2,2,3,2,1,0.39707,14,7
2,1,3,5,1,0.33307,14,7
2,1,3,3,1,0.4131,14,7
1,1,3,5,1,0.16912,14,7
2,2,3,6,1,0.15912,14,7
2,2,3,7,1,0.21928,14,7
2,1,3,7,1,0.085531,14,7
1,2,3,4,1,0.28723,14,7
2,2,3,6,1,0.057434,14,7
1,2,3,2,0,0.45749,14,7
2,2,3,1,0,0.34752,14,7
2,1,3,7,1,0.20354,14,7
2,1,3,7,1,0.051618,14,7
2,2,3,3,1,0.56365,14,7
2,1,3,2,0,0.47974,14,7
2,2,3,1,0,0.21581,14,7
1,2,3,5,1,0.24785,14,7
1,1,3,1,0,0.34992,14,7
1,2,3,5,1,0.29823,14,7
1,1,3,5,1,0.12997,14,7
1,1,3,3,0,0.31409,14,7
1,2,3,1,0,0.37205,14,7
2,2,3,4,1,0.26615,14,7
2,1,3,3,0,0.66418,14,7
1,2,3,2,0,12.574,14,7
2,2,3,2,0,0.29845,14,7
1,1,3,2,0,0.19049,14,7
2,1,3,4,1,0.55328,14,7
2,1,3,4,1,0.20732,14,7
1,2,3,2,0,21.525,14,7
2,1,3,5,1,0.17569,14,7
2,2,3,7,1,0.60978,14,7
1,2,3,7,1,0.47584,14,7
1,1,3,2,0,0.29393,14,7
2,1,3,3,1,0.23593,14,7
1,1,3,2,0,0.6881,14,7
1,2,3,7,1,0.28414,14,7
2,2,3,7,1,0.10832,14,7
1,2,3,2,0,0.3004,14,7
2,1,3,7,1,0.24442,14,7
1,2,3,1,0,0.15053,14,7
1,2,3,3,1,0.56254,14,7
1,2,3,4,0,1.5788,14,7
1,2,3,4,1,0.28876,14,7
1,2,3,2,0,0.18482,14,7
1,2,3,6,1,0.10689,14,7
1,2,3,7,1,0.22313,14,7
2,2,3,6,1,0.12305,14,7
1,1,3,6,1,1.587,14,7
1,1,3,7,0,5.2811,14,7
1,2,3,5,1,0.25728,14,7
1,1,3,6,1,0.24728,14,7
2,1,3,2,0,0.25923,14,7
2,1,3,3,0,0.29939,14,7
2,2,3,3,0,0.51939,14,7
2,1,3,3,0,0.19751,14,7
1,2,3,5,1,0.37152,14,7
2,2,3,4,1,0.48755,14,7
2,1,3,6,1,0.35763,14,7
2,2,3,5,1,0.46564,14,7
1,1,3,2,0,0.30981,14,7
1,2,3,3,0,0.41781,14,7
1,1,3,7,1,0.25367,14,7
2,2,3,6,1,0.44983,14,7
2,1,3,3,0,0.37397,14,7
2,2,3,3,1,0.33201,14,7
1,2,3,2,0,0.18611,14,7
2,1,3,2,0,0.094035,14,7
2,1,3,7,1,0.2021,14,7
2,1,3,7,1,0.26215,14,7
1,2,3,2,0,0.85226,14,7
2,2,3,1,0,0.092334,14,7
2,1,3,6,1,0.34316,14,7
2,1,3,5,1,0.24324,14,7
1,2,3,5,0,0.79533,14,7
1,2,3,1,0,0.24727,14,7
2,2,3,6,1,0.015455,14,7
1,2,3,5,1,0.29342,14,7
2,2,3,5,1,0.51755,14,7
1,1,3,7,1,0.013776,14,7
1,1,3,6,1,0.015745,14,7
1,1,3,6,1,0.00030046,14,7
2,1,3,6,1,0.079715,14,7
1,1,3,3,1,0.67769,14,7
2,1,3,1,0,0.29171,14,7
1,1,3,1,0,0.20983,14,7
1,2,3,4,1,0.28192,14,7
1,2,3,3,1,0.24797,14,7
2,1,3,1,0,0.37005,14,7
1,2,3,5,1,0.10006,14,7
1,1,3,2,0,0.40003,14,7
1,1,3,3,0,0.66211,14,7
2,1,3,6,1,0.00034606,14,7
1,2,3,5,1,0.25017,14,7
2,1,3,4,1,0.2782,14,7
1,2,3,7,1,0.23632,14,7
1,1,3,7,1,0.21634,14,7
1,1,3,6,1,0.11232,14,7
2,2,3,5,1,0.14439,14,7
1,2,3,6,1,0.0047346,14,7
2,1,3,1,0,0.36449,14,7
2,2,3,5,1,0.18255,14,7
2,1,3,3,1,1.7106,14,7
2,2,3,7,1,0.032679,14,7
1,1,3,7,1,0.044871,14,7
2,2,3,1,0,0.27079,14,7
2,1,3,1,0,0.18279,14,7
1,2,3,3,0,0.24283,14,7
1,2,3,1,0,0.21094,14,7
2,2,3,2,0,0.52897,14,7
1,1,3,5,1,0.23302,14,7
2,1,3,7,1,0.14907,14,7
1,1,3,5,1,0.15307,14,7
2,1,3,6,1,0.093194,14,7
1,1,3,1,0,0.28119,14,7
2,2,3,6,1,0.16317,14,7
2,1,3,1,0,0.33931,14,7
1,1,3,1,0,0.27142,14,7
1,1,3,5,1,0.54338,14,7
2,1,3,4,1,0.1594,14,7
2,1,3,2,0,1.9734,14,7
2,2,3,2,0,0.26158,14,7
2,2,3,2,0,0.33372,14,7
1,1,3,5,1,0.1776,14,7
1,1,3,4,1,0.17166,14,7
2,2,3,7,1,0.15971,14,7
2,1,3,4,1,0.12776,14,7
2,1,3,6,1,0.059737,14,7
2,1,3,4,1,0.20582,14,7
2,2,3,5,1,0.11185,14,7
2,2,3,3,1,0.174,14,7
2,2,3,2,1,0.12802,14,7
2,1,3,2,0,0.23808,14,7
2,1,3,6,1,0.17412,14,7
1,2,3,4,1,0.090192,14,7
2,1,3,5,1,0.030272,14,7
2,1,3,3,1,0.20625,14,7
1,2,3,4,1,0.23441,14,7
2,2,3,2,0,0.2345,14,7
2,1,3,1,0,0.16645,14,7
2,2,3,1,0,0.20058,14,7
2,2,3,4,1,0.2206,14,7
1,2,3,3,1,0.14663,14,7
1,2,3,6,1,0.15278,14,7
1,2,3,1,0,0.25675,14,7
2,2,3,5,1,0.1548,14,7
1,2,3,6,1,0.068709,14,7
2,1,3,4,1,0.91489,14,7
1,1,3,7,1,0.1408,14,7
2,1,3,6,1,0.029047,14,7
1,2,3,1,0,0.22906,14,7
2,1,3,5,1,0.061137,14,7
2,2,3,6,1,0.1411,14,7
2,1,3,6,1,0.25917,14,7
1,1,3,6,1,0.20719,14,7
2,2,3,6,1,0.039394,14,7
2,2,3,3,0,1.0393,14,7
1,1,3,6,1,0.15732,14,7
2,2,3,6,1,0.11741,14,7
1,1,3,5,1,0.22955,14,7
2,2,3,2,0,0.36352,14,7
2,2,3,3,1,0.18348,14,7
1,2,3,5,1,0.12555,14,7
1,2,3,7,1,0.075649,14,7
2,2,3,1,0,0.18974,14,7
1,2,3,5,1,0.14774,14,7
1,2,3,6,1,0.10377,14,7
1,1,3,4,0,0.36778,14,7
2,1,3,1,0,0.41583,14,7
1,2,3,3,0,0.29005,14,7
2,1,3,2,0,0.31803,14,7
1,2,3,6,0,0.7181,14,7
2,1,3,1,0,0.17212,14,7
1,1,3,4,0,1.4642,14,7
1,1,3,1,0,0.29418,14,7
1,2,3,6,1,0.20227,14,7
2,1,3,7,1,0.20835,14,7
2,2,3,7,1,0.15035,14,7
1,1,3,4,1,0.23846,14,7
2,2,3,5,1,0.15444,14,7
2,2,3,7,1,0.080515,14,7
1,1,3,4,1,0.11654,14,7
2,2,3,4,1,0.17667,14,7
2,2,3,5,1,0.074657,14,7
2,2,3,4,1,0.096734,14,7
1,2,3,5,1,0.00033197,14,7
2,1,3,3,1,0.43078,14,7
1,1,3,7,1,0.13684,14,7
1,1,3,3,1,0.61087,14,7
1,1,3,6,1,0.056982,14,7
2,1,3,6,1,0.063007,14,7
2,2,3,5,1,0.12715,14,7
1,2,3,7,1,0.1752,14,7
2,2,3,2,0,0.59324,14,7
1,2,3,1,0,0.26329,14,7
1,1,3,5,1,0.13524,14,7
1,1,3,5,1,0.2233,14,7
1,1,3,2,0,0.2094,14,7
1,1,3,7,1,0.091374,14,7
1,1,3,3,0,0.19342,14,7
2,2,3,5,0,0.0915,14,7
2,2,3,2,0,0.36962,14,7
2,1,3,5,1,0.045756,14,7
2,2,3,7,1,0.16968,14,7
2,2,3,7,1,0.19567,14,7
1,1,3,1,0,0.14375,14,7
1,2,3,7,1,0.16985,14,7
1,1,3,3,0,0.43384,14,7
2,2,3,4,1,0.34784,14,7
1,1,3,2,0,0.22391,14,7
2,1,3,2,0,0.25592,14,7
2,1,3,3,0,0.15806,14,7
1,2,3,1,0,0.11816,14,7
2,2,3,5,1,0.27007,14,7
2,1,3,4,1,0.11011,14,7
1,2,3,6,1,0.050189,14,7
1,2,3,6,1,0.13025,14,7
1,2,3,3,1,0.13628,14,7
1,2,3,4,0,0.62237,14,7
1,2,3,7,1,0.3704,14,7
2,2,3,3,0,0.41255,14,7
2,2,3,7,1,0.17253,14,7
1,1,3,1,0,0.17658,14,7
2,1,3,4,1,0.3766,14,7
1,1,3,5,1,0.18063,14,7
1,1,3,6,1,0.0049977,14,7
1,1,3,3,1,0.44471,14,7
1,2,3,7,1,0.00030584,14,7
1,2,3,4,1,0.16295,14,7
1,1,3,7,1,0.17105,14,7
1,2,3,4,1,0.10302,14,7
2,2,3,4,1,0.0233,14,7
2,1,3,2,0,0.34097,14,7
1,1,3,3,1,1.1272,14,7
1,2,3,2,0,1.9853,14,7
1,2,3,1,0,0.10323,14,7
2,1,3,1,0,0.12539,14,7
2,1,3,1,0,0.11128,14,7
1,1,3,4,1,0.35736,14,7
2,2,3,3,1,0.087436,14,7
1,2,3,2,0,1.6975,14,7
1,1,3,1,0,0.13358,14,7
2,2,3,6,1,0.20161,14,7
2,1,3,7,1,0.0039132,14,7
1,1,3,7,1,0.09977,14,7
2,1,3,5,1,0.08979,14,7
2,2,3,6,1,1.2957,14,7
1,2,3,3,1,1.0938,14,7
1,1,3,2,0,0.22185,14,7
2,1,3,2,0,0.90002,14,7
1,1,3,4,0,0.89607,14,7
1,2,3,3,1,0.44604,14,7
1,2,3,2,0,0.22219,14,7
1,2,3,1,0,0.094134,14,7
2,2,3,4,0,0.28622,14,7
2,2,3,4,0,0.10236,14,7
2,1,3,5,0,0.094256,14,7
1,1,3,7,1,0.16448,14,7
2,2,3,1,0,0.14252,14,7
2,2,3,3,0,0.13063,14,7
1,1,3,4,1,0.11663,14,7
2,1,3,4,1,0.00031045,14,7
2,2,3,4,1,0.080663,14,7
2,1,3,5,1,0.10075,14,7
1,1,3,5,1,0.044824,14,7
1,1,3,1,0,0.20684,14,7
1,2,3,5,1,0.33942,14,8
1,1,3,6,1,0.33309,14,8
1,2,3,7,1,0.25319,14,8
2,2,3,4,0,0.81525,14,8
1,2,3,3,0,0.44945,14,8
1,1,3,7,1,0.29739,14,8
2,2,3,1,0,0.38551,14,8
2,2,3,4,0,0.35157,14,8
1,1,3,3,0,0.34156,14,8
1,2,3,7,1,0.25161,14,8
2,1,3,3,0,0.38566,14,8
1,1,3,5,1,0.25367,14,8
1,1,3,4,0,0.43774,14,8
1,2,3,6,0,0.67181,14,8
1,1,3,2,0,0.38413,14,8
2,1,3,2,0,0.38595,14,8
2,2,3,4,0,0.52399,14,8
1,1,3,6,1,0.27008,14,8
1,2,3,6,0,0.83016,14,8
1,2,3,6,0,0.46016,14,8
1,2,3,6,1,0.32421,14,8
1,2,3,5,0,0.41026,14,8
1,1,3,4,1,0.87633,14,8
1,2,3,3,0,0.6005,14,8
2,2,3,7,1,0.29443,14,8
2,2,3,5,1,0.42448,14,8
1,2,3,5,0,0.80457,14,8
1,1,3,5,0,0.45456,14,8
2,2,3,6,1,0.27261,14,8
2,2,3,3,0,0.36866,14,8
1,1,3,4,0,0.27275,14,8
1,1,3,3,0,0.33678,14,8
1,1,3,1,0,0.40675,14,8
1,2,3,5,1,0.29283,14,8
2,1,3,4,0,0.050995,14,8
2,1,3,7,0,0.38483,14,8
2,1,3,3,0,0.11501,14,8
1,2,3,5,0,0.40105,14,8
2,2,3,6,1,0.27703,14,8
1,2,3,7,0,0.25111,14,8
1,2,3,3,0,0.39913,14,8
1,2,3,1,0,0.35913,14,8
1,1,3,4,1,0.34307,14,8
1,2,3,7,0,0.26326,14,8
2,1,3,3,0,0.42729,14,8
2,2,3,4,0,0.35336,14,8
2,1,3,4,0,0.51543,14,8
2,1,3,4,0,0.24345,14,8
1,2,3,1,0,0.37349,14,8
2,2,3,2,0,0.28559,14,8
2,2,3,1,0,0.96391,14,8
1,1,3,6,1,0.5,14,8
1,1,3,5,1,0.498,14,8
2,2,3,2,0,1.4381,14,8
1,2,3,1,0,0.29418,14,8
2,2,3,1,0,0.58638,14,8
1,1,3,1,0,0.38221,14,8
1,2,3,4,1,0.64436,14,8
1,1,3,6,1,0.31644,14,8
1,1,3,2,0,0.65243,14,8
2,1,3,5,1,0.69038,14,8
2,1,3,1,0,0.47447,14,8
2,1,3,3,0,0.48256,14,8
2,2,3,7,1,0.24066,14,8
2,2,3,7,1,0.1788,14,8
2,1,3,5,1,0.64074,14,8
1,1,3,6,1,0.31479,14,8
2,1,3,6,1,0.32887,14,8
2,2,3,5,1,0.27693,14,8
2,1,3,2,0,0.34898,14,8
2,1,3,7,1,0.33898,14,8
1,2,3,2,0,0.33909,14,8
2,1,3,1,0,0.23309,14,8
1,2,3,6,1,0.52512,14,8
1,2,3,6,0,0.90529,14,8
2,1,3,6,1,0.3813,14,8
1,1,3,5,0,0.63535,14,8
2,2,3,7,1,0.32734,14,8
1,1,3,1,0,0.3494,14,8
1,2,3,3,0,0.65145,14,8
2,2,3,2,0,0.57955,14,8
2,2,3,6,1,0.34958,14,8
1,2,3,2,0,0.34568,14,8
2,2,3,3,1,0.80174,14,8
1,1,3,5,0,0.095729,14,8
1,1,3,2,0,0.10776,14,8
2,2,3,2,0,0.20985,14,8
1,1,3,2,0,0.35993,14,8
1,1,3,3,0,0.067932,14,8
2,2,3,1,0,0.34796,14,8
1,1,3,7,1,0.58799,14,8
2,2,3,2,0,0.3681,14,8
1,1,3,2,0,0.53209,14,8
1,1,3,2,0,0.77416,14,8
2,2,3,6,1,0.25821,14,8
1,2,3,1,0,0.28229,14,8
2,1,3,1,0,0.26837,14,8
1,2,3,3,0,0.32461,14,8
2,1,3,6,1,0.24262,14,8
2,1,3,4,1,0.38076,14,8
1,2,3,7,1,0.37686,14,8
1,1,3,5,1,0.40888,14,8
1,1,3,7,1,0.40299,14,8
1,1,3,4,1,0.35502,14,8
2,1,3,4,0,0.65314,14,8
1,1,3,6,1,0.39714,14,8
2,1,3,2,0,0.38917,14,8
2,1,3,3,0,0.41526,14,8
1,1,3,4,0,0.8453,14,8
1,2,3,2,0,0.9253,14,8
2,2,3,4,1,0.82132,14,8
2,1,3,5,1,0.48742,14,8
1,1,3,2,0,0.39352,14,8
2,2,3,7,1,0.29549,14,8
2,2,3,7,1,0.24956,14,8
2,2,3,4,0,1.0316,14,8
2,1,3,3,0,0.27767,14,8
1,2,3,5,1,0.24765,14,8
1,1,3,1,0,0.43576,14,8
1,2,3,6,1,1.1058,14,8
1,2,3,2,0,0.2739,14,8
2,1,3,2,0,0.28599,14,8
1,1,3,7,1,0.26796,14,8
2,1,3,5,1,0.36804,14,8
1,2,3,4,0,0.79417,14,8
2,2,3,7,1,0.21623,14,8
1,1,3,7,1,0.25022,14,8
2,2,3,5,1,0.26621,14,8
1,2,3,2,0,0.41836,14,8
1,1,3,5,0,0.31242,14,8
2,2,3,2,0,0.24845,14,8
2,2,3,5,1,0.27844,14,8
1,2,3,6,1,0.26449,14,8
2,1,3,5,0,0.34456,14,8
2,1,3,3,0,0.27061,14,8
1,2,3,4,1,0.3887,14,8
1,1,3,6,1,0.21869,14,8
2,1,3,6,1,0.22466,14,8
1,1,3,4,0,0.4208,14,8
1,1,3,6,0,0.7609,14,8
1,2,3,3,0,0.33089,14,8
1,2,3,1,0,0.29889,14,8
2,2,3,1,0,0.41105,14,8
1,2,3,3,0,0.28914,14,8
2,1,3,3,1,0.41939,14,8
1,1,3,3,0,0.33747,14,8
1,2,3,3,1,0.28947,14,8
2,2,3,3,1,0.50549,14,8
1,1,3,1,0,0.29157,14,8
2,1,3,2,0,0.64561,14,8
2,1,3,6,1,0.30766,14,8
1,1,3,3,0,0.64781,14,8
1,2,3,2,0,0.24572,14,8
1,1,3,2,0,0.14177,14,8
2,2,3,2,0,0.35386,14,8
2,1,3,1,0,0.33593,14,8
2,2,3,5,1,0.25995,14,8
2,1,3,3,0,0.35998,14,8
2,2,3,2,0,0.276,14,8
2,1,3,5,0,1.2342,14,8
2,1,3,4,1,0.3042,14,8
2,2,3,7,1,0.24419,14,8
1,1,3,4,0,0.3201,14,8
1,2,3,7,1,0.27426,14,8
2,2,3,3,0,0.20434,14,8
1,1,3,2,0,0.33847,14,8
2,1,3,7,1,0.21646,14,8
2,1,3,4,0,0.37055,14,8
2,2,3,5,1,0.26459,14,8
2,1,3,3,1,0.21663,14,8
1,2,3,4,1,0.34269,14,8
2,2,3,7,1,0.24483,14,8
2,1,3,5,1,0.12874,14,8
1,2,3,6,1,0.016948,14,8
2,1,3,7,1,0.1989,14,8
1,2,3,3,0,0.35506,14,8
2,1,3,1,0,0.32906,14,8
1,1,3,7,1,0.11905,14,8
1,1,3,1,0,0.47111,14,8
2,1,3,6,1,0.45313,14,8
2,1,3,7,1,0.29715,14,8
1,1,3,1,0,0.37721,14,8
2,1,3,1,0,0.27924,14,8
1,2,3,2,0,0.32134,14,8
2,1,3,4,1,0.26731,14,8
1,2,3,4,0,0.30939,14,8
1,2,3,1,0,0.28543,14,8
1,1,3,3,1,0.38744,14,8
2,1,3,1,0,0.26952,14,8
1,1,3,1,0,0.30354,14,8
2,2,3,4,1,0.42156,14,8
2,2,3,2,0,0.32167,14,8
1,1,3,4,1,0.32763,14,8
1,2,3,4,1,0.57797,14,8
1,2,3,5,1,0.25015,14,8
2,1,3,6,1,0.27411,14,8
1,2,3,2,0,0.39028,14,8
1,2,3,1,0,0.89424,14,8
1,1,3,5,1,0.33834,14,8
2,2,3,1,0,0.45843,14,8
1,1,3,7,1,0.26637,14,8
1,2,3,4,1,0.27056,14,8
1,1,3,5,1,0.30655,14,8
1,1,3,5,1,0.2866,14,8
1,2,3,1,0,0.31671,14,8
1,2,3,7,1,0.1908,14,8
2,2,3,4,1,0.28081,14,8
1,2,3,3,0,0.66883,14,8
1,2,3,1,0,0.30093,14,8
1,2,3,2,0,0.21898,14,8
2,1,3,5,1,0.46505,14,8
1,2,3,7,1,0.39109,14,8
2,2,3,6,1,0.33117,14,8
2,1,3,7,1,0.2572,14,8
2,1,3,1,0,0.39534,14,8
2,1,3,2,0,0.35142,14,8
2,2,3,1,0,0.33537,14,8
2,2,3,4,1,0.14944,14,8
2,2,3,3,0,0.32948,14,8
2,2,3,2,0,0.76751,14,8
1,1,3,3,1,0.25355,14,8
1,2,3,7,1,0.14559,14,8
1,2,3,7,1,0.20763,14,8
2,2,3,6,1,0.27169,14,8
2,1,3,5,1,0.25975,14,8
1,2,3,7,1,0.31178,14,8
1,2,3,5,1,0.2238,14,8
1,2,3,2,0,0.51391,14,8
1,1,3,2,0,0.18189,14,8
2,2,3,1,0,0.23395,14,8
1,2,3,4,1,0.81803,14,8
2,2,3,6,1,0.24806,14,8
2,1,3,5,1,0.91406,14,8
2,2,3,5,0,0.9682,14,8
2,2,3,1,0,0.23816,14,8
2,2,3,7,1,0.33028,14,8
1,2,3,6,0,0.41428,14,8
2,2,3,1,0,0.43036,14,8
1,1,3,4,0,0.50845,14,8
1,2,3,4,1,0.26645,14,8
1,1,3,1,0,0.27253,14,8
2,2,3,6,1,0.36945,14,8
2,2,3,4,1,1.2116,14,8
2,1,3,7,1,0.26163,14,8
1,2,3,7,1,0.37565,14,8
2,1,3,3,1,0.52169,14,8
1,2,3,5,1,0.23175,14,8
1,1,3,6,1,0.18584,14,8
1,2,3,6,1,0.32393,14,8
2,1,3,2,0,0.21009,14,8
1,2,3,1,0,0.2441,14,8
2,1,3,5,1,0.3201,14,8
2,1,3,2,1,0.3901,14,8
2,2,3,4,0,0.80418,14,8
1,2,3,1,0,0.28021,14,8
1,2,3,5,1,0.22424,14,8
2,2,3,3,1,0.26432,14,8
2,2,3,3,1,0.17037,14,8
1,2,3,2,0,0.35449,14,8
1,1,3,3,0,0.87233,14,8
2,2,3,6,1,0.46249,14,8
2,2,3,3,0,0.38444,14,8
1,1,3,4,0,0.050859,14,8
2,1,3,7,1,0.37066,14,8
2,2,3,6,1,0.2027,14,8
2,2,3,1,0,0.45485,14,8
2,2,3,1,0,0.57696,14,8
2,1,3,3,0,0.6089,14,8
1,1,3,4,0,0.42292,14,8
1,1,3,6,0,0.5131,14,8
2,2,3,3,0,0.2931,14,8
1,1,3,6,1,0.4131,14,8
2,2,3,5,1,1.1232,14,8
1,2,3,3,0,0.36122,14,8
1,1,3,7,1,0.17935,14,8
2,1,3,7,1,0.23527,14,8
2,1,3,2,0,0.73741,14,8
2,1,3,7,1,0.25142,14,8
2,2,3,6,0,1.0955,14,8
2,1,3,1,0,0.38946,14,8
2,1,3,2,0,0.14756,14,8
1,2,3,6,1,0.28361,14,8
1,1,3,1,0,0.29775,14,8
2,2,3,2,0,0.34369,14,8
2,2,3,5,0,0.21574,14,8
2,1,3,2,0,0.29383,14,8
1,2,3,3,1,1.7179,14,8
1,1,3,3,0,0.35207,14,8
1,1,3,5,1,0.40221,14,8
2,2,3,7,1,0.25624,14,8
2,2,3,4,1,0.4484,14,8
2,2,3,3,1,0.75838,14,8
1,2,3,5,1,0.26246,14,8
2,1,3,4,1,0.40448,14,8
1,1,3,5,1,0.40052,14,8
2,2,3,7,1,0.22459,14,8
2,2,3,5,1,0.1846,14,8
1,2,3,4,1,0.54668,14,8
1,1,3,6,0,0.57678,14,8
1,2,3,4,0,0.91678,14,8
2,1,3,1,0,0.31284,14,8
2,1,3,6,1,0.080972,14,8
2,2,3,5,1,0.078935,14,8
1,2,3,4,1,0.27295,14,8
1,1,3,3,1,0.41901,14,8
2,1,3,6,1,0.34709,14,8
2,1,3,7,1,0.26917,14,8
1,1,3,2,0,1.1473,14,8
2,1,3,7,1,0.27126,14,8
2,1,3,6,1,0.20331,14,8
2,1,3,6,1,0.28934,14,8
1,1,3,7,1,0.43137,14,8
1,1,3,3,0,1.0194,14,8
2,1,3,4,1,0.33949,14,8
1,1,3,7,1,0.30554,14,8
2,2,3,5,0,0.80164,14,8
2,2,3,3,0,0.51362,14,8
1,1,3,1,0,0.28368,14,8
1,1,3,1,0,0.25777,14,8
2,2,3,2,0,0.28181,14,8
1,1,3,3,0,0.12983,14,8
1,2,3,5,1,0.3999,14,8
1,1,3,2,0,0.23799,14,8
2,1,3,4,0,0.78396,14,8
1,2,3,2,0,0.25228,14,8
1,1,3,7,1,0.25006,14,8
2,1,3,2,0,0.28018,14,8
1,2,3,1,0,0.25219,14,8
2,1,3,6,1,0.17014,14,8
2,2,3,3,0,0.20631,14,8
2,1,3,1,0,0.14636,14,8
2,1,3,4,1,0.22443,14,8
2,1,3,1,0,0.30044,14,8
2,1,3,5,1,0.32448,14,8
2,2,3,6,1,0.21256,14,8
1,1,3,7,1,0.2565,14,8
1,2,3,5,0,0.5781,12,9
2,1,3,5,0,0.85239,12,9
2,1,3,2,0,1.7354,12,9
1,1,3,5,1,0.76863,12,9
1,1,3,5,0,1.1243,12,9
2,2,3,4,0,0.91805,12,9
1,2,3,5,0,0.95267,12,9
2,1,3,6,1,0.72757,12,9
1,1,3,1,0,1.0564,12,9
2,1,3,6,1,0.72115,12,9
1,2,3,2,0,0.42782,12,9
2,2,3,6,1,0.39993,12,9
2,2,3,3,0,0.60961,12,9
2,2,3,2,0,0.6387,12,9
1,1,3,6,1,0.57312,12,9
1,2,3,7,0,0.81451,12,9
1,2,3,3,0,0.81861,12,9
2,1,3,6,1,1.2236,12,9
1,1,3,7,1,1.2135,12,9
2,1,3,7,1,0.89151,12,9
2,1,3,6,0,1.3122,12,9
1,2,3,1,0,0.67057,12,9
1,1,3,6,0,1.2178,12,9
1,1,3,1,0,0.72355,12,9
2,2,3,6,1,0.65184,12,9
1,1,3,3,1,1.1524,12,9
2,1,3,6,0,0.96971,12,9
2,1,3,1,0,1.0552,12,9
1,2,3,2,0,0.66948,12,9
1,1,3,2,1,1.0624,12,9
2,1,3,4,1,1.6778,12,9
2,2,3,7,1,0.70387,12,9
1,2,3,2,0,0.55508,12,9
1,1,3,3,0,0.77668,12,9
1,2,3,1,0,0.76524,12,9
2,1,3,7,1,0.43189,12,9
1,2,3,2,0,0.76421,12,9
2,1,3,3,0,0.84413,12,9
2,1,3,1,0,0.98656,12,9
1,2,3,4,1,0.36571,12,9
2,2,3,3,0,0.70063,12,9
2,2,3,4,1,0.9254,12,9
2,1,3,7,1,0.34882,12,9
1,1,3,6,0,1.3794,12,9
1,1,3,2,0,0.75423,12,9
2,2,3,4,0,0.43603,12,9
2,2,3,7,1,0.90773,12,9
2,1,3,3,0,0.75931,12,9
2,2,3,2,0,0.55052,12,9
1,2,3,7,1,0.52348,12,9
1,2,3,5,1,0.45881,12,9
2,2,3,6,1,0.44546,12,9
2,1,3,3,1,0.94702,12,9
2,2,3,4,1,0.38113,12,9
1,2,3,3,0,0.32404,12,9
2,2,3,7,1,0.39356,12,9
2,2,3,7,0,2.8561,12,9
2,2,3,2,0,0.5593,12,9
2,2,3,3,0,0.37803,12,9
1,2,3,5,0,0.49316,12,9
1,2,3,4,0,0.41025,12,9
2,1,3,2,0,0.78286,12,9
1,2,3,6,1,0.33373,12,9
2,1,3,1,0,0.39765,12,9
2,1,3,2,0,0.43236,12,9
1,1,3,7,1,0.3494,12,9
1,1,3,2,0,0.53761,12,9
2,2,3,4,0,0.43959,12,9
1,1,3,3,0,0.25316,12,9
2,1,3,1,0,0.23755,12,9
2,2,3,2,0,0.79692,12,9
1,1,3,2,0,0.48347,12,9
1,2,3,7,1,0.18347,12,9
2,2,3,5,1,0.26713,12,9
2,2,3,4,0,0.49621,12,9
1,2,3,7,1,0.49764,12,9
1,1,3,1,0,0.5254,12,9
2,2,3,6,1,0.55609,12,9
1,2,3,1,0,0.51651,12,9
2,1,3,1,0,0.41745,12,9
1,1,3,5,1,0.66886,12,9
2,1,3,5,0,0.93614,12,9
2,1,3,6,0,0.57219,12,9
1,2,3,1,0,0.48044,12,9
2,1,3,2,0,0.37294,12,9
2,2,3,2,0,0.40301,12,9
1,2,3,4,1,0.30302,12,9
2,2,3,5,0,1.4535,12,9
1,1,3,1,0,0.42013,12,9
1,2,3,4,0,0.85119,12,9
2,1,3,6,1,0.52012,12,9
2,2,3,1,0,0.59912,12,9
1,1,3,5,0,0.52888,12,9
2,1,3,4,0,0.77491,12,9
2,1,3,3,0,0.43119,12,9
2,1,3,1,0,0.28564,12,9
2,1,3,4,1,0.17683,12,9
1,2,3,3,0,0.12024,12,9
1,1,3,4,1,0.57002,12,9
1,1,3,7,1,0.27958,12,9
1,2,3,5,1,0.33211,12,9
1,1,3,4,0,0.28598,12,9
1,1,3,4,0,0.41384,12,9
2,2,3,1,0,0.15727,12,9
2,1,3,7,1,0.32448,12,9
1,2,3,6,1,0.32909,12,9
1,1,3,2,0,0.34646,12,9
2,1,3,3,0,0.712,12,9
1,1,3,5,0,1.3688,12,9
1,1,3,4,0,1.6778,12,9
1,1,3,4,0,0.91585,12,9
1,1,3,2,0,0.35005,12,9
1,1,3,6,1,0.25205,12,9
1,1,3,6,1,0.33432,12,9
1,2,3,5,1,0.10639,12,9
2,2,3,3,0,0.36884,12,9
2,2,3,5,1,0.45246,12,9
2,2,3,6,1,0.38632,12,9
1,1,3,1,0,1.8582,12,9
2,2,3,6,1,0.17607,12,9
2,1,3,3,0,0.4207,12,9
1,2,3,6,1,0.50428,12,9
2,2,3,2,0,0.26594,12,9
1,1,3,7,1,0.359,12,9
1,1,3,4,0,0.58903,12,9
2,1,3,6,1,0.35261,12,9
2,2,3,1,0,0.66223,12,9
1,1,3,4,0,2.5899,12,9
1,1,3,3,0,0.37519,12,9
1,1,3,2,0,0.25508,12,9
2,2,3,5,1,0.34621,12,9
1,2,3,4,1,0.50746,12,9
2,1,3,4,1,0.42975,12,9
2,2,3,7,1,0.37925,12,9
1,2,3,2,0,0.35569,12,9
2,2,3,1,0,0.25904,12,9
1,2,3,4,1,0.44524,12,9
1,1,3,1,0,0.43523,12,9
1,2,3,3,1,0.54153,12,9
1,1,3,7,0,1.946,12,9
2,2,3,7,1,0.7006,12,9
1,2,3,4,0,2.6793,12,9
1,2,3,7,0,0.23917,12,9
1,1,3,1,0,0.20693,12,9
2,2,3,1,0,0.18413,12,9
2,1,3,1,0,0.36274,12,9
2,2,3,6,1,0.30147,12,9
1,2,3,1,0,0.34414,12,9
2,2,3,3,1,0.51672,12,9
1,1,3,7,1,0.63807,12,9
2,1,3,5,0,0.42801,12,9
2,2,3,4,0,0.84209,12,9
1,2,3,6,1,0.40649,12,9
2,2,3,2,0,0.36737,12,9
1,2,3,2,0,0.61299,12,9
2,1,3,4,0,0.48577,12,9
2,2,3,1,0,0.19998,12,9
2,1,3,4,0,0.26095,12,9
2,1,3,5,1,0.37139,12,9
1,1,3,4,1,3.201,12,9
2,1,3,7,1,0.1292,12,9
1,2,3,1,0,0.15641,12,9
1,2,3,5,1,0.20621,12,9
1,2,3,6,1,0.61829,12,9
2,2,3,6,1,1.0628,12,9
2,2,3,7,1,1.0749,12,9
1,1,3,6,1,0.64468,12,9
1,1,3,5,1,0.43465,12,9
2,1,3,2,0,0.10713,12,9
2,1,3,6,0,0.18797,12,9
2,2,3,1,0,0.56051,12,9
1,2,3,5,1,0.6728,12,9
2,2,3,1,0,0.3052,12,9
2,1,3,1,0,0.27877,12,9
1,1,3,2,0,0.30644,12,9
1,1,3,7,1,0.35566,12,9
1,1,3,2,0,0.30012,12,9
2,1,3,2,0,0.47368,12,9
2,2,3,1,0,0.61551,12,9
1,1,3,6,1,0.74383,12,9
2,2,3,4,0,0.46851,12,9
1,2,3,2,0,0.6222,12,9
1,2,3,3,0,0.94394,12,9
1,1,3,3,0,1.3912,12,9
2,2,3,4,0,1.0451,12,9
2,1,3,3,0,0.39515,12,9
2,1,3,7,1,0.27359,12,9
1,1,3,4,1,0.4613,12,9
2,1,3,2,0,0.36569,12,9
1,1,3,7,1,0.30193,12,9
1,1,3,1,0,0.54809,12,9
1,1,3,6,1,0.43446,12,9
2,1,3,3,1,0.49983,12,9
1,1,3,5,1,0.55439,12,9
2,1,3,5,1,0.35459,12,9
1,2,3,6,1,0.33093,12,9
2,1,3,5,1,2.2707,12,9
1,2,3,4,1,0.58915,12,9
2,1,3,5,0,0.77398,12,9
2,1,3,3,0,0.42281,12,9
1,2,3,5,0,0.75017,12,9
2,1,3,1,0,0.53742,12,9
2,2,3,6,1,0.34566,12,9
1,1,3,1,0,0.63781,12,9
2,2,3,4,1,0.50821,12,9
1,2,3,4,1,0.68368,12,9
2,2,3,6,1,0.35929,12,9
1,2,3,6,1,0.458,12,9
2,1,3,5,0,0.17604,12,9
1,1,3,2,0,0.33255,12,9
2,2,3,7,1,0.27121,12,9
2,1,3,3,0,0.34881,12,9
2,1,3,7,0,1.4347,12,9
2,2,3,2,0,0.36346,12,9
2,2,3,7,1,0.23342,12,9
2,2,3,2,0,0.47601,12,9
2,1,3,4,1,0.45329,12,9
2,2,3,4,1,0.67725,12,9
1,1,3,7,1,1.3529,12,9
1,2,3,7,1,0.24965,12,9
1,1,3,3,0,0.28058,12,9
1,2,3,7,1,0.77361,12,9
1,1,3,6,1,0.81347,12,9
2,2,3,2,0,0.46218,12,9
2,1,3,4,0,0.08754,12,9
2,2,3,5,0,0.31754,12,9
1,1,3,1,0,0.45863,12,9
1,2,3,4,0,0.52809,12,9
1,1,3,3,0,0.54687,12,9
1,2,3,7,1,0.48596,12,9
2,1,3,5,0,0.87962,12,9
2,2,3,6,1,0.46773,12,9
2,1,3,3,0,0.52586,12,9
1,1,3,2,0,0.48813,12,9
2,2,3,3,1,0.43811,12,9
1,2,3,1,0,0.35328,12,9
2,1,3,1,0,0.59179,12,9
2,2,3,1,0,0.28764,12,9
2,1,3,1,0,0.24422,12,9
1,2,3,1,0,0.87332,12,9
2,2,3,3,1,0.30131,12,9
1,1,3,5,1,0.25179,12,9
1,1,3,6,1,0.2935,12,9
1,2,3,3,1,0.54051,12,9
1,2,3,3,1,1.0085,12,9
1,2,3,6,0,0.1673,12,9
2,2,3,5,1,0.16438,12,9
2,1,3,6,1,0.28105,12,9
1,2,3,2,0,0.26446,12,9
2,2,3,5,1,0.7937,12,9
2,2,3,3,0,2.1968,12,9
1,2,3,6,1,2.5918,12,9
2,2,3,5,1,0.28019,12,9
2,1,3,2,0,0.32979,12,9
1,1,3,1,0,0.41071,12,9
2,1,3,6,1,0.20822,12,9
2,1,3,5,0,0.38835,12,9
1,2,3,5,1,0.27192,12,9
2,1,3,7,0,0.19795,12,9
2,2,3,1,0,0.32213,12,9
1,2,3,1,0,0.18132,12,9
1,2,3,3,1,0.30154,12,9
2,2,3,3,1,0.99073,12,9
1,2,3,5,1,0.3148,12,9
2,2,3,3,1,2.8884,12,9
2,1,3,7,0,0.7164,12,9
1,2,3,2,0,0.057487,12,9
1,1,3,7,1,0.6569,12,9
1,1,3,2,0,0.089275,12,9
2,1,3,5,0,0.068782,12,9
1,1,3,7,1,0.85048,12,9
1,2,3,2,0,0.35009,12,9
1,2,3,3,0,0.50995,12,9
1,1,3,5,0,1.0807,12,9
1,1,3,3,0,0.69938,12,9
1,2,3,3,0,0.35058,12,9
2,1,3,2,0,0.47422,12,9
1,1,3,3,0,0.23208,12,9
1,2,3,6,1,0.24277,12,9
1,2,3,1,0,0.74749,12,9
2,2,3,5,1,0.24939,12,9
1,2,3,2,0,0.18243,12,9
1,2,3,5,1,0.30968,12,9
2,1,3,2,0,0.29603,12,9
1,2,3,4,1,0.29958,12,9
1,2,3,7,1,0.39531,12,9
1,1,3,3,0,0.85079,12,9
1,1,3,4,0,0.88413,12,9
1,1,3,4,0,0.2793,12,9
2,1,3,4,1,0.46766,12,9
2,2,3,2,0,0.67703,12,9
1,1,3,7,1,0.13999,12,9
2,2,3,2,0,0.30504,12,9
1,2,3,3,0,0.78438,12,9
2,2,3,1,0,0.54348,12,9
1,1,3,5,1,0.46289,12,9
1,2,3,7,1,0.43587,12,9
2,1,3,7,1,0.43346,12,9
2,1,3,3,0,0.93737,12,9
2,1,3,7,1,0.48962,12,9
2,1,3,4,1,0.91719,12,9
1,1,3,4,0,0.36807,12,9
2,1,3,7,1,0.30334,12,9
2,2,3,3,0,1.1621,12,9
2,1,3,2,0,0.43686,12,9
1,2,3,1,0,1.2075,12,9
2,1,3,4,1,0.90612,12,9
1,1,3,5,1,0.40157,12,9
1,1,3,1,0,0.481,12,9
2,2,3,7,1,0.33966,12,9
1,2,3,7,1,0.25155,12,9
1,1,3,5,0,0.34846,12,9
1,2,3,2,0,0.3689,12,9
1,2,3,6,1,0.39928,12,9
1,2,3,4,1,1.4143,12,9
2,2,3,7,1,0.23104,12,9
2,2,3,5,0,0.83893,12,9
2,1,3,2,0,0.49005,12,9
2,2,3,4,0,0.61848,12,9
2,2,3,7,1,0.28461,12,9
1,2,3,6,1,0.50224,12,9
2,2,3,3,0,0.73226,12,9
2,1,3,5,0,0.64231,12,9
2,1,3,6,1,0.56108,12,9
2,1,3,1,0,0.47535,12,9
2,1,3,4,1,0.57684,12,9
1,2,3,1,0,0.34379,12,9
1,2,3,3,1,0.33374,12,9
1,1,3,6,1,0.43859,12,9
1,1,3,3,0,0.35343,12,9
1,2,3,7,1,0.27303,12,9
2,2,3,5,0,0.32475,12,9
2,2,3,5,0,0.50018,12,9
1,1,3,6,1,0.30557,12,9
2,2,3,6,0,0.83015,12,9
1,1,3,3,0,0.35331,12,9
1,2,3,2,1,0.55883,11,10
1,2,3,5,1,0.1607,11,10
1,1,3,5,1,0.35658,11,10
1,2,3,4,1,0.54073,11,10
2,1,3,3,1,1.1688,11,10
2,1,3,4,0,0.60696,11,10
2,2,3,3,0,0.80697,11,10
1,2,3,6,1,0.3669,11,10
2,1,3,5,1,1.3529,11,10
2,2,3,2,0,0.61314,11,10
2,1,3,3,0,0.36312,11,10
2,2,3,6,1,0.51713,11,10
1,1,3,2,0,0.63925,11,10
2,1,3,1,0,0.66722,11,10
2,1,3,1,0,0.49127,11,10
1,1,3,5,0,0.64131,11,10
2,2,3,2,0,0.42334,11,10
2,1,3,6,1,0.44747,11,10
1,1,3,6,1,0.66124,11,10
1,1,3,5,0,1.1335,11,10
2,1,3,1,0,0.36354,11,10
1,1,3,1,0,0.40758,11,10
1,1,3,6,0,0.86957,11,10
1,1,3,7,0,1.4836,11,10
2,1,3,1,0,0.29163,11,10
1,1,3,2,0,0.4677,11,10
2,1,3,3,0,0.49385,11,10
2,1,3,4,0,1.5018,11,10
1,1,3,3,0,0.51389,11,10
1,1,3,4,1,1.2519,11,10
1,2,3,3,1,3.088,11,10
1,2,3,2,0,0.38013,11,10
1,1,3,7,1,0.38806,11,10
1,2,3,1,0,1.5941,11,10
1,1,3,1,0,0.51426,11,10
1,2,3,2,0,0.40826,11,10
1,1,3,4,1,0.51027,11,10
1,2,3,2,0,0.99437,11,10
2,2,3,2,0,0.70847,11,10
2,2,3,1,0,0.44047,11,10
1,2,3,5,1,0.48045,11,10
2,1,3,1,0,0.6066,11,10
1,1,3,2,0,0.45057,11,10
1,1,3,5,1,0.2246,11,10
1,2,3,1,0,0.35066,11,10
2,1,3,2,0,0.36068,11,10
2,2,3,7,1,0.39676,11,10
1,1,3,3,1,0.51677,11,10
2,2,3,5,1,0.56885,11,10
2,2,3,5,1,0.25698,11,10
1,2,3,6,1,0.41899,11,10
1,2,3,3,1,0.50502,11,10
2,2,3,7,1,0.3751,11,10
2,1,3,5,1,0.12315,11,10
2,2,3,2,1,0.35322,11,10
1,1,3,6,1,0.39524,11,10
2,1,3,7,1,0.3114,11,10
2,1,3,6,1,0.16139,11,10
2,1,3,4,1,0.15144,11,10
2,2,3,1,0,0.76554,11,10
2,1,3,5,1,0.26953,11,10
2,2,3,7,1,0.25358,11,10
1,1,3,3,0,1.2197,11,10
1,2,3,5,1,0.41774,11,10
1,1,3,7,1,0.43574,11,10
2,1,3,3,0,0.73189,11,10
2,2,3,5,1,0.24385,11,10
2,2,3,4,1,0.26785,11,10
2,2,3,2,0,0.53998,11,10
2,2,3,5,0,0.64607,11,10
2,1,3,1,0,0.28998,11,10
1,1,3,6,0,0.65614,11,10
1,2,3,3,0,2.5122,11,10
2,2,3,4,0,0.85419,11,10
2,2,3,1,0,0.27424,11,10
2,2,3,7,1,0.31032,11,10
1,2,3,4,1,0.40637,11,10
2,2,3,6,1,1.2824,11,10
1,2,3,1,0,0.33855,11,10
1,1,3,5,0,0.10866,11,10
2,2,3,1,0,0.30667,11,10
1,2,3,7,1,0.64864,11,10
1,2,3,5,1,1.0867,11,10
2,1,3,7,1,0.50885,11,10
1,2,3,7,1,0.43288,11,10
2,1,3,3,1,0.59293,11,10
2,2,3,1,0,0.593,11,10
2,2,3,5,1,0.27702,11,10
1,1,3,1,0,0.55914,11,10
2,1,3,7,1,0.23309,11,10
2,2,3,4,1,0.35514,11,10
1,2,3,5,1,0.17317,11,10
1,1,3,1,0,0.30127,11,10
2,1,3,4,1,0.7912,11,10
1,1,3,7,1,0.37732,11,10
1,2,3,1,0,0.53565,11,10
2,1,3,4,0,0.82939,11,10
1,2,3,3,1,0.54342,11,10
1,2,3,7,1,0.50545,11,10
1,2,3,6,1,0.55751,11,10
1,1,3,5,1,0.66755,11,10
1,2,3,1,1,0.52966,11,10
1,2,3,2,1,1.1137,11,10
2,2,3,4,1,1.6897,11,10
1,1,3,6,1,0.2678,11,10
1,1,3,4,1,0.27188,11,10
2,1,3,1,0,0.7019,11,10
2,1,3,1,0,0.49395,11,10
2,2,3,3,1,0.46998,11,10
1,2,3,2,0,1.366,11,10
2,1,3,4,1,0.87207,11,10
1,2,3,7,1,0.61215,11,10
2,2,3,4,1,0.20417,11,10
2,1,3,6,1,0.54016,11,10
1,1,3,1,0,0.27425,11,10
1,1,3,2,0,0.1183,11,10
1,1,3,3,1,0.42636,11,10
2,1,3,7,1,0.26232,11,10
2,2,3,3,1,0.80033,11,10
2,1,3,7,1,0.24636,11,10
1,1,3,5,1,0.59642,11,10
1,1,3,7,1,0.29248,11,10
1,1,3,3,1,0.6085,11,10
1,1,3,5,1,0.14657,11,10
1,2,3,7,1,0.2726,11,10
2,1,3,6,1,0.35662,11,10
1,1,3,1,0,0.50669,11,10
1,1,3,7,1,0.26471,11,10
2,2,3,6,1,0.48477,11,10
1,2,3,5,1,0.2729,11,10
1,1,3,1,0,0.42099,11,10
2,2,3,1,0,0.34297,11,10
2,2,3,4,1,0.245,11,10
1,1,3,4,1,0.28911,11,10
2,2,3,4,1,0.56307,11,10
2,1,3,3,1,1.5711,11,10
2,1,3,5,1,0.24324,11,10
1,1,3,2,0,0.52929,11,10
1,2,3,1,0,0.33728,11,10
2,2,3,4,1,0.35338,11,10
2,1,3,2,1,0.60329,11,10
1,2,3,3,0,1.0915,11,10
1,2,3,4,1,0.21142,11,10
2,2,3,3,1,0.76146,11,10
1,1,3,6,1,0.24554,11,10
1,2,3,1,1,0.27562,11,10
1,1,3,2,1,1.2636,11,10
2,2,3,2,1,1.8717,11,10
1,2,3,1,0,1.2218,11,10
2,1,3,2,1,0.77989,11,10
1,2,3,7,1,0.42595,11,10
2,1,3,7,1,0.2061,11,10
2,2,3,7,1,0.25622,11,10
1,1,3,2,0,0.3602,11,10
2,1,3,3,1,2.5643,11,10
2,2,3,5,1,0.31435,11,10
1,1,3,4,1,0.40239,11,10
1,2,3,3,1,0.2944,11,10
1,2,3,7,1,0.11844,11,10
1,2,3,5,1,0.14655,11,10
2,2,3,1,0,0.33057,11,10
2,1,3,4,1,0.20867,11,10
2,2,3,6,1,0.25466,11,10
1,1,3,3,0,1.8887,11,10
1,2,3,6,1,0.49277,11,10
1,1,3,4,1,0.55286,11,10
1,1,3,2,0,1.495,11,10
1,2,3,4,1,0.26702,11,10
1,2,3,7,1,0.34498,11,10
1,1,3,1,0,0.49525,11,10
2,1,3,7,1,0.29518,11,10
2,1,3,2,0,0.20928,11,10
2,1,3,5,0,0.75332,11,10
2,1,3,2,0,0.11543,11,10
1,2,3,7,1,0.30144,11,10
2,2,3,3,0,0.53349,11,10
1,1,3,7,1,0.49146,11,10
1,1,3,5,1,0.93559,11,10
1,1,3,5,1,0.28948,11,10
1,1,3,6,1,0.29159,11,10
2,2,3,3,0,0.80965,11,10
1,2,3,5,1,0.14379,11,10
2,2,3,5,1,0.38988,11,10
2,1,3,1,0,0.1919,11,10
2,1,3,7,1,0.25397,11,10
2,1,3,5,1,0.28396,11,10
1,1,3,4,0,0.97403,11,10
2,2,3,7,1,0.34608,11,10
1,2,3,6,1,2.3461,11,10
1,2,3,6,1,0.17829,11,10
1,2,3,4,1,0.16427,11,10
2,2,3,6,1,0.30633,11,10
2,1,3,5,1,0.18238,11,10
2,2,3,4,1,0.14846,11,10
1,2,3,5,1,0.076563,11,10
1,1,3,2,0,0.55257,11,10
2,2,3,5,1,0.1246,11,10
2,2,3,6,1,0.076691,11,10
2,1,3,6,1,0.47671,11,10
1,1,3,3,0,0.61477,11,10
2,1,3,2,0,0.49482,11,10
2,1,3,4,1,0.21881,11,10
2,1,3,6,1,0.42887,11,10
1,1,3,3,1,0.72094,11,10
2,2,3,2,1,0.91294,11,10
1,2,3,5,1,0.56301,11,10
1,2,3,1,0,0.41307,11,10
1,1,3,4,1,0.25914,11,10
1,2,3,4,1,0.37723,11,10
2,2,3,3,1,0.26729,11,10
1,2,3,1,0,0.33944,11,10
2,1,3,3,1,0.53747,11,10
1,1,3,4,0,0.41148,11,10
1,2,3,2,0,0.30557,11,10
2,1,3,7,1,0.54558,11,10
1,2,3,2,0,0.25162,11,10
1,1,3,1,0,0.18568,11,10
1,1,3,5,0,0.6958,11,10
2,2,3,2,0,0.40373,11,10
2,2,3,1,0,0.21789,11,10
2,1,3,6,1,0.24792,11,10
2,1,3,1,0,0.38993,11,10
1,1,3,7,1,0.28181,11,10
2,2,3,7,1,0.19199,11,10
1,1,3,3,0,0.70009,11,10
1,2,3,4,1,0.20407,11,10
1,2,3,7,1,0.11603,11,10
2,2,3,6,1,0.49823,11,10
2,1,3,5,1,0.49421,11,10
1,2,3,7,1,0.10226,11,10
2,2,3,2,1,1.1184,11,10
2,1,3,6,1,0.10044,11,10
1,2,3,2,1,0.26256,11,10
1,1,3,2,0,0.36647,11,10
1,1,3,6,1,0.28453,11,10
1,1,3,3,1,0.54264,11,10
2,2,3,2,1,1.3166,11,10
2,2,3,5,1,0.2488,11,10
2,1,3,5,1,0.094851,11,10
2,1,3,6,1,0.16487,11,10
2,1,3,5,0,0.27694,11,10
1,2,3,4,1,0.22698,11,10
2,2,3,3,1,0.49306,11,10
2,2,3,6,1,0.19112,11,10
2,1,3,2,0,0.33911,11,10
2,1,3,3,1,1.2693,11,10
2,2,3,4,1,0.72522,11,10
2,2,3,4,1,0.2433,11,10
1,2,3,7,1,0.37929,11,10
1,1,3,3,0,0.30743,11,10
2,1,3,7,0,0.67748,11,10
2,1,3,5,1,0.15555,11,10
1,1,3,1,0,0.31559,11,10
1,1,3,7,1,0.17755,11,10
2,2,3,3,1,1.6997,11,10
1,2,3,2,0,0.29175,11,10
2,1,3,2,1,1.0137,11,10
1,1,3,6,1,0.8078,11,10
1,2,3,4,1,0.27578,11,10
1,2,3,6,1,0.46178,11,10
2,2,3,2,0,0.32197,11,10
2,1,3,5,1,0.33798,11,10
1,2,3,5,1,0.50002,11,10
1,2,3,3,1,1.0701,11,10
1,2,3,3,0,0.98424,11,10
2,2,3,1,0,0.3482,11,10
2,2,3,3,0,0.31029,11,10
2,1,3,1,0,0.10628,11,10
2,2,3,5,1,0.23434,11,10
1,2,3,2,0,0.49234,11,10
2,1,3,2,0,0.15246,11,10
1,1,3,6,1,0.22438,11,10
2,1,3,4,1,0.38246,11,10
2,1,3,4,1,0.19848,11,10
1,2,3,1,0,0.36256,11,10
2,2,3,6,1,0.29856,11,10
2,1,3,4,0,0.3007,11,10
2,2,3,7,1,0.33869,11,10
2,1,3,4,0,0.12873,11,10
2,1,3,7,1,0.15682,11,10
2,2,3,7,1,0.21294,11,10
1,2,3,3,1,0.947,11,10
2,1,3,6,1,0.13299,11,10
1,2,3,4,1,0.74908,11,10
1,2,3,6,1,0.18518,11,10
2,1,3,3,1,0.12318,11,10
1,2,3,5,1,0.34921,11,10
2,1,3,1,0,0.015559,11,10
2,2,3,3,1,0.41328,11,10
1,1,3,2,0,0.15138,11,10
1,1,3,1,0,0.35345,11,10
2,1,3,2,0,0.16955,11,10
1,2,3,6,1,0.15946,11,10
1,2,3,1,0,0.39551,11,10
2,2,3,7,1,0.18152,11,10
1,1,3,4,0,0.90152,11,10
2,1,3,6,1,0.23159,11,10
2,2,3,4,1,0.31766,11,10
2,1,3,3,1,0.1618,11,10
1,1,3,5,1,0.48978,11,10
1,2,3,4,1,0.20378,11,10
1,2,3,3,1,0.2439,11,10
1,1,3,3,0,1.0079,11,10
2,1,3,2,0,0.45594,11,10
2,2,3,6,1,0.24,11,10
1,1,3,6,1,0.36207,11,10
2,2,3,3,1,0.80413,11,10
2,1,3,2,0,0.80211,11,10
1,2,3,4,1,0.24813,11,10
1,1,3,7,1,0.4182,11,10
2,2,3,2,0,0.64627,11,10
2,2,3,6,1,0.15627,11,10
1,1,3,4,0,0.91025,11,10
1,1,3,7,1,0.26039,11,10
2,1,3,3,0,0.22252,11,10
1,2,3,3,1,0.47251,11,10
1,2,3,6,1,0.32455,11,10
1,1,3,4,1,0.75856,11,10
1,1,3,1,0,0.2707,11,10
2,2,3,5,1,0.12077,11,10
1,1,3,6,1,0.094762,11,10
2,2,3,1,0,0.34477,11,10
2,2,3,1,0,0.26088,11,10
2,2,3,7,1,0.31308,11,10
2,2,3,6,1,0.25486,11,10
1,1,3,7,1,0.31489,11,10
1,2,3,6,1,0.85894,11,10
2,1,3,7,1,0.78296,11,10
2,2,3,1,0,0.31908,11,10
1,2,3,3,1,0.93513,11,10
1,1,3,2,0,0.52922,11,10
1,2,3,2,1,0.42323,11,10
2,2,3,7,1,0.097232,11,10
2,2,3,5,1,0.11328,11,10
1,2,3,6,1,0.49137,11,10
2,1,3,6,1,0.061441,11,10
1,2,3,3,0,2.7204,12,11
2,1,3,4,0,0.33966,12,11
1,2,3,6,1,0.35217,12,11
2,1,3,4,0,1.6185,12,11
1,1,3,7,1,0.38062,12,11
2,1,3,1,0,0.54377,12,11
2,1,3,3,0,0.78565,12,11
2,2,3,4,1,0.58547,12,11
2,2,3,1,1,0.68413,12,11
2,2,3,4,1,0.69348,12,11
1,1,3,1,0,0.34883,12,11
1,2,3,6,1,0.30497,12,11
2,1,3,7,1,0.29412,12,11
2,1,3,3,1,0.34059,12,11
1,2,3,4,1,0.78065,12,11
1,2,3,5,1,0.25771,12,11
1,1,3,5,1,0.2807,12,11
1,1,3,4,1,0.25,12,11
1,1,3,4,1,0.46151,12,11
2,2,3,7,1,0.33902,12,11
1,1,3,4,0,1.0359,12,11
1,2,3,2,0,0.31369,12,11
2,2,3,4,0,1.5597,12,11
2,2,3,6,1,0.28705,12,11
2,2,3,4,1,0.30196,12,11
2,2,3,4,1,0.34091,12,11
1,2,3,7,1,0.30545,12,11
2,2,3,2,0,1.1222,12,11
1,1,3,5,1,0.93614,12,11
1,2,3,3,1,0.61223,12,11
1,2,3,2,1,0.31042,12,11
1,1,3,5,1,0.26421,12,11
1,2,3,4,1,0.28534,12,11
2,1,3,5,1,0.23514,12,11
2,2,3,2,1,0.6571,12,11
2,2,3,2,0,0.22501,12,11
1,1,3,6,1,0.74911,12,11
1,2,3,4,1,0.31848,12,11
1,1,3,6,0,0.7003,12,11
1,1,3,3,0,0.29076,12,11
2,1,3,5,0,1.0869,12,11
2,1,3,5,1,0.50371,12,11
1,2,3,5,1,1.514,12,11
1,1,3,7,1,0.27237,12,11
1,1,3,6,1,0.36541,12,11
1,1,3,2,0,0.31175,12,11
2,1,3,1,0,0.26695,12,11
1,2,3,3,0,0.40753,12,11
1,2,3,1,0,0.28312,12,11
1,2,3,7,1,0.34743,12,11
1,2,3,5,0,1.1472,12,11
2,1,3,6,0,0.56739,12,11
2,2,3,5,1,0.25045,12,11
1,2,3,5,1,0.79008,12,11
2,1,3,3,0,0.63243,12,11
2,2,3,5,1,0.40209,12,11
1,2,3,1,0,0.39307,12,11
2,2,3,4,1,0.45174,12,11
1,2,3,1,0,0.35327,12,11
2,2,3,3,1,0.87221,12,11
1,2,3,1,0,0.30077,12,11
1,1,3,2,0,0.30734,12,11
1,1,3,1,0,0.6549,12,11
1,1,3,3,0,0.58536,12,11
1,2,3,5,1,0.25631,12,11
1,1,3,7,1,0.35177,12,11
2,2,3,2,0,0.32433,12,11
1,2,3,1,0,0.63744,12,11
2,1,3,5,1,0.34317,12,11
1,1,3,4,1,0.30526,12,11
1,2,3,6,1,0.25669,12,11
1,2,3,7,1,0.28434,12,11
1,2,3,5,1,0.27809,12,11
1,1,3,2,1,0.66714,12,11
1,2,3,3,1,0.315,12,11
1,2,3,4,0,1.4669,12,11
1,1,3,5,0,1.5308,12,11
1,1,3,5,1,0.43031,12,11
1,2,3,1,0,0.35872,12,11
2,1,3,4,0,1.1996,12,11
2,2,3,2,0,0.57679,12,11
1,1,3,3,0,1.4012,12,11
2,2,3,7,1,0.31666,12,11
1,1,3,4,0,1.2084,12,11
2,2,3,6,1,0.25615,12,11
2,1,3,7,1,1.175,12,11
1,1,3,7,1,0.4139,12,11
1,1,3,5,1,0.29008,12,11
1,1,3,2,1,0.39064,12,11
2,1,3,6,1,0.51339,12,11
2,2,3,6,1,0.33779,12,11
1,2,3,6,0,0.73899,12,11
1,2,3,3,0,0.47958,12,11
2,1,3,2,0,1.2814,12,11
1,2,3,3,0,0.57859,12,11
1,1,3,2,0,0.36633,12,11
2,1,3,3,0,0.36834,12,11
2,2,3,3,0,0.27337,12,11
2,1,3,7,1,0.38319,12,11
2,2,3,7,1,0.27208,12,11
1,1,3,6,1,0.41679,12,11
1,2,3,7,1,0.31507,12,11
1,1,3,6,1,0.49285,12,11
1,2,3,4,1,0.2598,12,11
2,1,3,1,0,0.35522,12,11
2,2,3,1,0,0.35985,12,11
2,1,3,4,0,0.29662,12,11
2,1,3,2,0,0.26826,12,11
2,1,3,2,0,0.31624,12,11
1,2,3,6,1,0.26806,12,11
2,2,3,4,1,0.20828,12,11
1,1,3,6,1,0.25776,12,11
1,2,3,2,1,0.35408,12,11
1,2,3,2,0,0.3063,12,11
2,1,3,3,0,0.27883,12,11
2,2,3,5,1,0.25899,12,11
1,2,3,4,1,0.32853,12,11
2,1,3,4,1,0.64372,12,11
1,1,3,1,0,0.21579,12,11
1,2,3,7,1,0.25381,12,11
2,1,3,7,1,0.30645,12,11
2,2,3,2,0,0.25228,12,11
2,2,3,6,1,0.31512,12,11
2,2,3,1,0,0.6862,12,11
1,1,3,7,1,0.23748,12,11
1,2,3,7,1,0.32254,12,11
1,2,3,3,0,1.8161,12,11
1,2,3,6,1,0.26579,12,11
2,1,3,5,0,0.62104,12,11
1,1,3,2,0,0.45996,12,11
2,1,3,5,1,0.23872,12,11
2,2,3,5,1,0.24701,12,11
1,2,3,6,1,0.21113,12,11
1,1,3,4,1,1.1239,12,11
2,2,3,5,1,0.2852,12,11
1,1,3,5,0,0.96509,12,11
2,1,3,5,0,0.27694,12,11
2,2,3,6,1,0.32008,12,11
2,2,3,1,0,0.40856,12,11
2,2,3,7,0,0.44229,12,11
2,1,3,5,0,0.51653,12,11
1,1,3,3,0,0.2603,12,11
1,1,3,3,0,0.53231,12,11
2,2,3,6,0,0.65676,12,11
1,1,3,1,0,0.26467,12,11
2,2,3,4,0,1.0542,12,11
2,2,3,6,1,0.3903,12,11
1,1,3,4,0,0.40755,12,11
1,1,3,2,0,0.25174,12,11
2,1,3,1,0,0.23889,12,11
1,2,3,3,0,0.29849,12,11
1,2,3,6,1,0.94021,12,11
1,1,3,4,0,0.28767,12,11
1,1,3,7,1,0.69799,12,11
1,2,3,3,0,0.9157,12,11
2,2,3,2,0,0.33715,12,11
2,1,3,6,1,0.20149,12,11
2,1,3,3,0,0.35955,12,11
2,2,3,7,1,0.25259,12,11
2,1,3,7,1,0.3673,12,11
2,2,3,7,1,0.34368,12,11
2,2,3,7,1,0.37032,12,11
2,1,3,4,0,0.52189,12,11
2,1,3,1,0,0.4718,12,11
1,2,3,4,0,0.39928,12,11
2,1,3,7,0,1.8147,12,11
1,2,3,6,1,0.23991,12,11
1,2,3,5,1,0.51077,12,11
1,2,3,1,0,0.48708,12,11
2,2,3,4,1,1.6262,12,11
2,2,3,5,1,0.22877,12,11
1,2,3,5,0,0.9604,12,11
2,2,3,5,1,1.1695,12,11
2,1,3,5,1,0.82389,12,11
1,2,3,3,1,1.2624,12,11
2,1,3,6,1,0.26503,12,11
2,2,3,7,1,0.25501,12,11
1,2,3,2,0,0.3044,12,11
2,1,3,4,0,0.37389,12,11
2,2,3,2,0,0.28067,12,11
2,1,3,4,0,0.27766,12,11
1,1,3,5,1,0.45592,12,11
2,1,3,1,0,0.23086,12,11
2,1,3,6,1,1.883,12,11
1,1,3,3,0,0.22265,12,11
2,2,3,3,0,0.25024,12,11
2,2,3,4,0,0.22571,12,11
2,1,3,5,0,0.30132,12,11
1,1,3,6,0,0.35628,12,11
2,2,3,5,1,0.31377,12,11
1,2,3,6,1,0.36777,12,11
1,1,3,6,1,0.29557,12,11
2,1,3,1,0,0.30631,12,11
2,2,3,4,1,0.413,12,11
2,1,3,3,0,0.34218,12,11
1,2,3,4,0,0.42541,12,11
1,2,3,5,1,0.27888,12,11
2,1,3,2,0,0.46275,12,11
2,1,3,6,1,0.31575,12,11
1,2,3,7,1,0.45288,12,11
2,2,3,2,1,0.94967,12,11
2,2,3,6,1,0.40031,12,11
2,2,3,2,1,0.36774,12,11
2,2,3,6,1,0.27677,12,11
1,2,3,7,1,0.34636,12,11
2,2,3,2,1,0.47092,12,11
2,1,3,1,0,0.56638,12,11
2,1,3,1,0,0.98352,12,11
1,2,3,1,0,0.29916,12,11
1,1,3,3,0,1.5801,12,11
1,1,3,1,0,0.34698,12,11
1,1,3,1,0,0.36607,12,11
2,2,3,1,0,0.22805,12,11
1,2,3,7,1,0.60957,12,11
1,1,3,3,0,1.2988,12,11
1,2,3,2,1,1.1717,12,11
1,1,3,5,1,0.21955,12,11
2,1,3,4,1,0.31063,12,11
1,1,3,5,1,0.39094,12,11
1,1,3,7,1,0.33436,12,11
2,1,3,7,1,0.29241,12,11
2,2,3,3,1,0.60802,12,11
2,2,3,5,0,0.19619,12,11
1,1,3,4,0,0.54573,12,11
2,2,3,4,0,0.45323,12,11
2,1,3,2,0,0.63008,12,11
2,2,3,7,1,0.12173,12,11
1,2,3,6,1,0.054317,12,11
2,1,3,7,1,0.39484,12,11
2,2,3,3,0,0.43098,12,11
1,2,3,7,1,0.37159,12,11
1,1,3,7,1,0.47917,12,11
1,2,3,3,0,0.34829,12,11
2,1,3,6,1,0.21686,12,11
1,1,3,2,0,0.20318,12,11
1,2,3,5,1,0.13098,12,11
1,2,3,1,0,1.9375,12,11
1,1,3,2,0,1.2512,12,11
2,2,3,1,0,0.2793,12,11
2,1,3,1,0,0.24764,12,11
1,1,3,6,1,0.70643,12,11
1,2,3,4,0,0.83879,12,11
2,1,3,2,0,0.23727,12,11
2,1,3,7,1,0.28165,12,11
2,1,3,4,0,0.13576,12,11
2,2,3,6,0,1.1201,12,11
2,2,3,1,0,0.23989,12,11
2,2,3,1,0,0.51633,12,11
1,2,3,5,0,0.45679,12,11
1,1,3,3,0,0.50223,12,11
2,1,3,2,0,0.25977,12,11
2,1,3,6,1,0.81403,12,11
1,1,3,5,1,0.38054,12,11
1,2,3,2,1,0.51869,12,11
2,1,3,2,0,0.22785,12,11
2,1,3,2,0,0.28134,12,11
2,2,3,3,0,0.12834,12,11
1,1,3,7,1,0.3818,12,11
2,1,3,3,0,0.22408,12,11
1,1,3,3,0,0.17796,12,11
2,2,3,5,1,0.31143,12,11
1,2,3,1,0,0.1772,12,11
2,1,3,6,1,0.7625,12,11
1,1,3,1,0,0.20249,12,11
2,2,3,7,1,0.27329,12,11
2,2,3,1,0,0.26524,12,11
1,2,3,2,0,0.23405,12,11
2,2,3,7,1,0.20747,12,11
1,1,3,6,1,0.41794,12,11
2,2,3,1,0,0.99339,12,11
2,1,3,2,0,0.29911,12,11
1,1,3,6,1,0.26183,12,11
1,1,3,5,1,0.38549,12,11
2,2,3,6,1,0.27243,12,11
1,1,3,1,0,0.34627,12,11
1,2,3,7,1,0.23595,12,11
2,2,3,3,1,0.39493,12,11
1,1,3,7,1,0.33878,12,11
2,1,3,6,1,0.33349,12,11
2,1,3,5,1,0.22946,12,11
2,1,3,3,0,1.1361,12,11
2,2,3,2,0,0.59884,12,11
1,2,3,2,0,0.51405,12,11
2,1,3,5,0,0.3073,12,11
1,1,3,3,0,3.4324,12,11
2,2,3,3,1,0.21942,12,11
1,1,3,7,1,0.27349,12,11
1,1,3,1,0,0.33217,12,11
1,2,3,7,1,0.29766,12,11
2,2,3,1,0,1.0882,12,11
1,2,3,6,1,0.20848,12,11
1,1,3,3,1,0.25681,12,11
1,1,3,1,0,0.24074,12,11
2,1,3,7,1,0.1836,12,11
1,1,3,2,0,0.35908,12,11
1,2,3,5,1,0.99788,12,11
1,2,3,3,1,0.59676,12,11
2,2,3,6,1,1.0102,12,11
2,1,3,3,1,0.20548,12,11
2,2,3,1,0,0.15502,12,11
2,1,3,4,0,0.25425,12,11
2,2,3,5,1,0.7764,12,11
1,2,3,2,0,0.69353,12,11
1,1,3,4,0,0.23542,12,11
2,2,3,3,0,0.17747,12,11
2,1,3,3,0,0.24846,12,11
1,1,3,1,0,0.24082,12,11
2,1,3,7,1,0.27366,12,11
2,1,3,6,1,0.27299,12,11
1,2,3,4,1,1.024,12,11
2,1,3,1,0,0.20368,12,11
2,1,3,3,0,0.27882,12,11
1,2,3,2,0,0.28443,12,11
1,1,3,2,0,0.30028,12,11
1,2,3,1,0,0.40937,12,11
2,2,3,3,0,0.39889,12,11
2,1,3,7,1,0.23024,12,11
1,1,3,2,0,0.46001,12,11
1,2,3,2,0,0.72148,12,11
2,1,3,6,1,0.27142,12,11
2,2,3,5,1,0.18401,12,11
2,1,3,2,0,0.64367,12,11
2,1,3,4,1,0.19698,12,11
2,2,3,3,1,0.56392,12,11
2,2,3,7,1,0.21743,12,11
1,1,3,1,0,0.29216,12,11
1,2,3,4,0,0.58659,12,11
1,2,3,4,1,0.67028,12,11
2,2,3,3,1,0.31374,12,11
1,1,3,7,1,0.34604,12,11
1,1,3,6,1,0.31111,12,11
2,1,3,2,0,0.45651,12,11
2,1,3,1,0,0.26537,12,11
1,2,3,1,0,0.26895,12,11
1,1,3,4,0,0.5249,12,11
1,1,3,4,1,0.27718,12,11
2,1,3,6,1,0.366,12,12
1,2,3,7,1,0.075091,12,12
1,2,3,2,0,0.21348,12,12
2,1,3,5,1,0.17938,12,12
2,1,3,1,0,0.66592,12,12
2,1,3,1,0,0.34018,12,12
1,1,3,5,0,0.030887,12,12
1,1,3,6,0,7.6076e-05,12,12
2,2,3,3,0,0.44483,12,12
1,1,3,2,0,0.23294,12,12
1,1,3,1,0,0.082715,12,12
2,1,3,7,1,0.2645,12,12
1,1,3,3,0,0.32381,12,12
1,1,3,1,0,0.34435,12,12
2,1,3,6,1,0.32449,12,12
1,1,3,6,0,0.90163,12,12
2,2,3,3,0,1.1293,12,12
2,1,3,1,0,0.31929,12,12
1,1,3,1,0,0.37892,12,12
2,1,3,4,0,0.4022,12,12
1,1,3,2,0,0.3715,12,12
1,2,3,5,0,1.8236,12,12
1,2,3,2,0,0.2564,12,12
2,1,3,3,0,0.24409,12,12
1,1,3,5,0,1.1056,12,12
1,1,3,4,0,0.3121,12,12
2,2,3,1,0,0.30869,12,12
2,2,3,1,0,0.27699,12,12
1,1,3,5,0,0.82886,12,12
2,2,3,6,1,0.60807,12,12
2,1,3,3,0,0.32324,12,12
1,2,3,4,0,0.38009,12,12
1,1,3,1,0,0.23827,12,12
1,1,3,2,0,1.3043,12,12
1,2,3,5,0,0.35833,12,12
2,1,3,1,0,0.83115,12,12
2,2,3,5,0,0.75047,12,12
1,1,3,1,0,0.36263,12,12
2,2,3,4,0,0.41142,12,12
1,2,3,1,0,0.26117,12,12
1,2,3,5,0,0.56698,12,12
2,2,3,5,0,0.13471,12,12
1,2,3,2,0,0.1313,12,12
1,1,3,3,0,0.41874,12,12
2,2,3,2,0,0.082183,12,12
2,2,3,4,0,0.046159,12,12
2,1,3,4,0,0.35517,12,12
1,1,3,6,1,7.7613e-05,12,12
2,2,3,5,1,1.1992,12,12
2,2,3,6,1,0.2413,12,12
1,2,3,3,1,2.2953,12,12
1,2,3,6,1,8.9908e-05,12,12
1,2,3,3,0,0.24937,12,12
1,1,3,6,0,0.4215,12,12
2,2,3,6,1,0.38135,12,12
1,2,3,3,1,1.2437,12,12
1,2,3,5,1,0.60502,12,12
2,2,3,3,1,0.93103,12,12
2,2,3,7,1,0.13224,12,12
2,1,3,7,1,0.020227,12,12
1,2,3,4,0,0.73099,12,12
2,2,3,5,1,0.13744,12,12
2,2,3,6,1,0.5829,12,12
1,2,3,3,1,4.2991,12,12
2,1,3,2,0,0.16988,12,12
1,2,3,1,0,0.011729,12,12
1,2,3,3,0,0.25722,12,12
1,2,3,7,1,0.32523,12,12
2,2,3,6,1,0.27293,12,12
2,2,3,7,1,0.20171,12,12
2,2,3,2,0,0.91629,12,12
1,2,3,2,0,1.0079,12,12
2,2,3,6,1,0.49612,12,12
1,1,3,6,0,0.68811,12,12
1,1,3,4,0,1.9242,12,12
1,2,3,2,0,0.63083,12,12
2,1,3,4,0,0.69086,12,12
1,2,3,1,0,0.61367,12,12
1,1,3,5,1,0.14846,12,12
2,2,3,3,0,2.4891,12,12
2,1,3,4,1,1.0677,12,12
2,1,3,6,1,0.28172,12,12
2,1,3,5,1,0.079213,12,12
1,1,3,7,1,0.082095,12,12
2,1,3,3,1,0.58681,12,12
2,1,3,2,0,0.8658,12,12
1,1,3,2,0,1.2915,12,12
2,1,3,3,0,0.35913,12,12
2,2,3,4,1,2.7275,12,12
2,1,3,7,1,0.28542,12,12
2,1,3,5,1,0.20583,12,12
1,2,3,4,1,1.5765,12,12
2,2,3,1,0,0.28646,12,12
2,2,3,2,0,0.064728,12,12
1,1,3,4,0,0.37988,12,12
1,2,3,5,1,0.59102,12,12
1,1,3,3,0,0.25398,12,12
2,2,3,5,1,0.29202,12,12
2,2,3,2,0,1.2222,12,12
2,2,3,1,0,0.22308,12,12
1,2,3,7,0,0.37207,12,12
2,1,3,4,0,0.24196,12,12
2,1,3,7,1,0.312,12,12
2,1,3,3,0,0.22291,12,12
1,1,3,7,1,0.054358,12,12
2,1,3,1,0,0.2246,12,12
1,2,3,3,0,0.25273,12,12
2,1,3,3,0,0.84276,12,12
2,1,3,6,1,0.17066,12,12
2,1,3,2,0,0.26657,12,12
2,1,3,3,0,0.12988,12,12
2,2,3,5,0,0.9899,12,12
1,2,3,1,0,0.23918,12,12
2,1,3,2,0,0.91896,12,12
1,1,3,5,0,1.8171,12,12
2,2,3,3,0,0.30921,12,12
2,1,3,2,0,0.44224,12,12
1,1,3,1,0,0.13022,12,12
2,2,3,2,0,0.11594,12,12
2,2,3,1,0,0.26782,12,12
1,1,3,7,0,1.1266,12,12
1,2,3,7,1,0.24489,12,12
1,2,3,6,1,0.16855,12,12
1,2,3,1,0,0.57032,12,12
2,2,3,5,1,0.53531,12,12
2,1,3,7,1,0.14428,12,12
1,1,3,4,0,0.60896,12,12
1,1,3,4,0,0.42573,12,12
2,1,3,7,1,0.54636,12,12
1,2,3,2,0,0.28092,12,12
1,2,3,6,1,0.53997,12,12
2,2,3,1,0,0.73807,12,12
2,2,3,4,0,1.0748,12,12
1,2,3,3,0,0.46474,12,12
1,1,3,1,0,0.20589,12,12
1,1,3,7,0,0.59351,12,12
1,1,3,6,1,2.2739,12,12
1,1,3,3,0,0.51176,12,12
2,1,3,1,0,1.3484,12,12
2,1,3,4,1,1.8192,12,12
2,1,3,3,1,1.292,12,12
1,1,3,2,0,0.83549,12,12
1,1,3,3,0,0.41362,12,12
2,1,3,6,1,0.44079,12,12
2,2,3,7,1,1.6271,12,12
2,1,3,2,0,0.23027,12,12
1,2,3,7,1,0.53926,12,12
2,1,3,7,1,0.70044,12,12
1,1,3,5,0,1.2872,12,12
2,1,3,4,0,1.0421,12,12
1,2,3,1,0,0.19164,12,12
1,2,3,2,0,0.16279,12,12
1,2,3,2,0,0.6593,12,12
2,2,3,4,0,0.97544,12,12
1,2,3,7,1,0.25817,12,12
2,2,3,2,0,0.5055,12,12
2,1,3,2,0,0.22451,12,12
1,2,3,5,0,0.49537,12,12
1,1,3,2,0,0.32941,12,12
2,2,3,6,1,0.54627,12,12
1,2,3,4,0,1.4981,12,12
2,2,3,3,0,0.3854,12,12
2,2,3,4,0,0.37913,12,12
2,2,3,7,1,1.2792,12,12
2,2,3,5,0,2.2942,12,12
2,2,3,7,0,0.25962,12,12
1,1,3,4,0,0.17815,12,12
1,2,3,6,1,0.42786,12,12
1,1,3,3,0,0.25228,12,12
2,2,3,4,0,0.45973,12,12
1,1,3,6,0,0.72029,12,12
2,2,3,6,1,0.45419,12,12
2,2,3,4,1,0.85071,12,12
1,1,3,3,0,1.0145,12,12
1,2,3,7,1,1.5827,12,12
1,2,3,2,0,0.23484,12,12
1,1,3,7,1,0.23419,12,12
2,1,3,7,1,0.045895,12,12
2,1,3,7,1,0.1795,12,12
2,2,3,1,0,1.2415,12,12
2,1,3,5,1,1.5675,12,12
1,1,3,1,0,0.46899,12,12
2,1,3,6,1,0.25416,12,12
2,2,3,3,0,0.70731,12,12
1,2,3,4,0,0.72881,12,12
2,1,3,4,0,0.22753,12,12
2,2,3,2,0,0.27028,12,12
2,2,3,5,0,0.47346,12,12
2,2,3,4,0,0.17537,12,12
1,2,3,3,0,9.5287e-05,12,12
1,1,3,7,1,0.19755,12,12
2,2,3,1,0,0.37577,12,12
1,2,3,5,1,0.90675,12,12
2,2,3,7,1,0.076151,12,12
1,2,3,6,1,0.35497,12,12
1,2,3,1,0,0.16292,12,12
2,1,3,1,0,0.46412,12,12
1,2,3,2,0,0.0066652,12,12
1,1,3,5,1,0.79472,12,12
2,1,3,7,1,0.040472,12,12
1,1,3,6,1,0.16751,12,12
2,1,3,6,1,0.53672,12,12
2,2,3,2,0,0.70976,12,12
2,1,3,2,0,0.51573,12,12
1,1,3,2,0,0.29961,12,12
1,2,3,4,0,0.65385,12,12
1,1,3,3,0,0.3121,12,12
1,1,3,5,1,0.36973,12,12
2,1,3,5,0,0.43021,12,12
1,2,3,4,0,0.545,12,12
2,1,3,1,0,0.15278,12,12
1,1,3,1,0,0.29532,12,12
1,1,3,6,1,0.18227,12,12
2,1,3,3,1,0.59342,12,12
1,1,3,3,0,0.39261,12,12
2,1,3,6,0,0.66347,12,12
2,2,3,6,0,0.69771,12,12
1,1,3,4,0,0.42545,12,12
1,1,3,6,1,0.95659,12,12
2,1,3,3,0,0.29018,12,12
1,2,3,6,0,0.4689,12,12
2,2,3,6,0,0.14312,12,12
2,1,3,2,1,0.71336,12,12
1,2,3,5,1,7.7101e-05,12,12
1,1,3,7,1,7.7869e-05,12,12
2,1,3,4,0,0.78029,12,12
2,1,3,3,0,0.61499,12,12
2,2,3,1,0,0.3622,12,12
1,1,3,4,0,0.21286,12,12
1,1,3,1,0,0.18507,12,12
2,2,3,2,0,0.47377,12,12
2,2,3,4,0,0.33195,12,12
2,1,3,4,0,0.21797,12,12
1,2,3,7,0,0.38158,12,12
2,2,3,6,1,0.02808,12,12
1,2,3,1,0,0.2204,12,12
1,2,3,6,1,0.39157,12,12
1,1,3,7,1,0.44517,12,12
2,1,3,1,0,0.25926,12,12
1,1,3,4,0,0.27831,12,12
2,1,3,2,0,0.34687,12,12
1,2,3,6,0,0.64428,12,12
1,2,3,4,0,0.39035,12,12
1,2,3,4,0,0.40981,12,12
1,2,3,1,0,0.18381,12,12
1,1,3,3,0,0.23121,12,12
1,2,3,5,0,0.068289,12,12
2,2,3,1,0,0.30866,12,12
2,2,3,2,0,0.31929,12,12
1,1,3,3,1,0.14708,12,12
2,1,3,7,1,0.31154,12,12
1,1,3,7,1,9.3238e-05,12,12
2,2,3,5,1,0.24308,12,12
1,1,3,5,1,0.31025,12,12
2,2,3,7,1,0.28376,12,12
2,1,3,3,0,0.41023,12,12
1,2,3,4,0,0.36406,12,12
1,1,3,2,0,0.18037,12,12
1,2,3,3,0,0.22636,12,12
1,1,3,7,1,0.83232,12,12
1,2,3,5,1,0.71648,12,12
1,2,3,4,0,1.7559,12,12
1,1,3,7,1,0.30857,12,12
2,2,3,3,0,0.8516,12,12
2,1,3,6,1,1.2971,12,12
1,1,3,5,0,1.2268,12,12
2,2,3,3,0,0.5655,12,12
2,1,3,6,1,0.5037,12,12
2,2,3,7,0,1.4165,12,12
1,1,3,4,0,0.24327,12,12
2,1,3,5,0,0.82852,12,12
2,2,3,2,0,0.27121,12,12
2,1,3,2,0,0.29982,12,12
2,2,3,2,0,0.27864,12,12
2,2,3,7,1,0.72447,12,12
1,2,3,5,0,0.99168,12,12
1,1,3,5,0,0.11064,12,12
1,1,3,1,0,0.96973,12,12
1,2,3,6,1,3.3456,12,12
1,2,3,5,0,0.80048,12,12
1,2,3,6,0,0.93909,12,12
1,1,3,2,0,0.2976,12,12
1,1,3,1,0,0.028853,12,12
2,2,3,5,1,0.35431,12,12
1,2,3,7,0,1.925,12,12
1,1,3,4,0,0.055639,12,12
1,2,3,1,0,0.11999,12,12
1,2,3,4,0,0.2117,12,12
2,2,3,3,0,0.43727,12,12
1,1,3,2,0,0.20426,12,12
2,1,3,6,1,0.10345,12,12
1,1,3,3,0,0.078838,12,12
2,1,3,5,1,0.55291,12,12
2,2,3,1,0,0.41195,12,12
2,1,3,5,0,0.28809,12,12
2,2,3,6,1,0.2597,12,12
1,1,3,5,0,0.87359,12,12
2,1,3,5,0,0.93136,12,12
1,1,3,7,1,0.2413,12,12
2,1,3,1,0,0.26994,12,12
1,2,3,2,0,0.32253,12,12
2,2,3,3,0,0.34299,12,12
2,2,3,1,0,0.19697,12,12
2,2,3,7,0,0.42934,12,12
2,1,3,5,0,0.30308,12,12
2,1,3,5,0,1.9313,12,12
1,1,3,6,1,0.653,12,12
2,1,3,5,0,1.1605,12,12
1,2,3,7,1,0.34294,12,12
2,2,3,4,0,0.77393,12,12
1,2,3,7,1,0.11715,12,12
1,1,3,2,0,0.28128,12,12
2,1,3,1,0,0.94374,12,12
2,2,3,7,1,0.70169,12,12
1,1,3,6,1,1.482,12,12
1,2,3,3,0,0.6302,12,12
1,2,3,6,1,0.23194,12,12
2,2,3,4,0,0.19792,12,12
2,1,3,4,0,0.47352,12,12
2,1,3,4,0,0.62155,12,12
2,1,3,1,0,0.29804,12,12
2,2,3,7,0,0.6326,12,12
1,2,3,6,0,0.65248,12,12
1,2,3,2,0,0.43356,12,12
2,2,3,5,0,0.43562,12,12
1,2,3,3,0,0.32867,12,12
2,2,3,3,0,0.13333,12,12
2,1,3,6,0,0.79608,12,12
1,2,3,1,0,0.16961,12,12
1,2,3,7,1,1.8415,12,12
1,1,3,2,0,0.26675,12,12
1,1,3,4,0,0.38812,12,12
1,2,3,3,0,0.23695,12,12
2,1,3,2,0,0.29187,12,12
2,1,3,7,0,0.12854,12,12
1,2,3,1,0,0.16371,12,12
